Distance,Strands
0,no
33,-+
0,no
190,--
0,no
0,no
0,no
0,no
0,no
0,no
0,no
0,no
206,-+
0,no
465,+-
0,no
694,--
95,-+
457,-+
0,no
281,--
290,-+
450,++
0,no
0,no
0,no
0,no
0,no
0,no
0,no
0,no
0,no
361,--
92,+-
0,no
0,no
0,no
853,--
0,no
0,no
0,no
0,no
178,-+
0,no
418,--
0,no
573,-+
0,no
108,-+
449,--
0,no
0,no
0,no
110,+-
1095,--
0,no
0,no
113,++
0,no
0,no
0,no
0,no
0,no
0,no
1130,-+
567,-+
0,no
0,no
0,no
0,no
184,+-
434,+-
302,+-
41,-+
532,++
320,+-
0,no
69,--
0,no
0,no
219,--
1107,++
0,no
0,no
0,no
30,+-
0,no
0,no
0,no
772,++
330,--
276,++
0,no
0,no
350,+-
0,no
0,no
0,no
277,--
0,no
42,+-
0,no
165,++
334,++
398,+-
0,no
149,++
567,++
0,no
0,no
115,-+
335,+-
0,no
0,no
283,-+
127,--
0,no
253,+-
0,no
0,no
0,no
0,no
0,no
0,no
0,no
328,-+
0,no
272,--
0,no
0,no
0,no
0,no
0,no
938,++
65,-+
0,no
459,+-
63,-+
0,no
276,--
0,no
0,no
450,+-
0,no
0,no
0,no
0,no
0,no
251,+-
0,no
45,--
0,no
64,--
0,no
0,no
289,+-
0,no
595,-+
0,no
0,no
413,++
0,no
804,++
0,no
666,+-
0,no
0,no
0,no
521,+-
0,no
0,no
0,no
0,no
0,no
0,no
68,--
0,no
35,+-
0,no
0,no
504,+-
0,no
0,no
0,no
0,no
0,no
0,no
74,--
0,no
0,no
0,no
0,no
0,no
917,--
0,no
0,no
0,no
0,no
0,no
0,no
0,no
0,no
0,no
0,no
1257,-+
0,no
909,++
282,-+
0,no
0,no
0,no
0,no
0,no
0,no
197,++
28,++
0,no
0,no
0,no
2106,-+
145,--
0,no
0,no
0,no
86,--
0,no
0,no
625,-+
0,no
0,no
0,no
382,+-
390,--
0,no
0,no
577,+-
0,no
324,--
0,no
196,--
246,--
281,--
0,no
0,no
25,++
108,-+
240,--
0,no
0,no
198,-+
115,+-
0,no
0,no
857,--
0,no
103,++
281,+-
122,++
67,-+
129,--
41,-+
0,no
615,-+
0,no
650,+-
0,no
687,--
92,-+
103,++
1838,+-
83,-+
0,no
91,--
0,no
0,no
0,no
256,++
96,-+
0,no
60,-+
47,++
45,--
0,no
0,no
0,no
0,no
53,-+
0,no
0,no
0,no
0,no
98,-+
362,++
88,--
0,no
0,no
0,no
0,no
251,--
199,-+
549,--
378,-+
209,--
818,-+
0,no
0,no
0,no
0,no
44,+-
412,--
0,no
0,no
128,--
608,+-
0,no
0,no
0,no
157,-+
0,no
70,++
760,--
0,no
0,no
0,no
0,no
0,no
326,-+
64,+-
0,no
175,--
86,-+
0,no
0,no
0,no
155,++
0,no
0,no
0,no
194,-+
97,++
36,++
346,++
265,-+
0,no
183,--
0,no
0,no
0,no
633,++
491,-+
0,no
63,++
107,++
388,++
0,no
0,no
565,++
120,+-
236,-+
203,+-
182,-+
0,no
0,no
0,no
0,no
0,no
0,no
478,--
0,no
259,-+
0,no
461,+-
0,no
571,+-
0,no
0,no
0,no
0,no
0,no
925,++
50,++
260,-+
232,--
0,no
1181,+-
74,--
527,+-
127,++
0,no
670,+-
0,no
498,+-
518,--
0,no
1473,++
300,-+
0,no
350,--
0,no
0,no
0,no
845,++
0,no
0,no
0,no
0,no
0,no
0,no
0,no
0,no
0,no
0,no
0,no
0,no
0,no
0,no
0,no
0,no
0,no
0,no
0,no
0,no
0,no
0,no
0,no
0,no
0,no
0,no
0,no
0,no
0,no
0,no
0,no
0,no
0,no
0,no
0,no
0,no
0,no
0,no
0,no
0,no
0,no
0,no
0,no
0,no
0,no
0,no
0,no
0,no
0,no
0,no
0,no
0,no
0,no
0,no
0,no
0,no
0,no
0,no
0,no
0,no
0,no
0,no
0,no
0,no
0,no
0,no
0,no
0,no
0,no
0,no
0,no
0,no
0,no
0,no
0,no
0,no
0,no
0,no
0,no
0,no
0,no
0,no
0,no
0,no
0,no
0,no
0,no
0,no
0,no
0,no
0,no
0,no
0,no
0,no
0,no
0,no
0,no
0,no
0,no
0,no
0,no
0,no
0,no
0,no
0,no
0,no
0,no
0,no
0,no
0,no
0,no
0,no
0,no
0,no
0,no
0,no
0,no
0,no
0,no
0,no
0,no
0,no
0,no
0,no
0,no
0,no
0,no
0,no
0,no
0,no
0,no
0,no
0,no
0,no
0,no
0,no
0,no
0,no
0,no
0,no
0,no
0,no
0,no
0,no
0,no
0,no
0,no
0,no
0,no
0,no
0,no
0,no
0,no
0,no
0,no
0,no
0,no
0,no
0,no
0,no
0,no
0,no
0,no
0,no
0,no
0,no
0,no
0,no
0,no
0,no
0,no
0,no
0,no
0,no
0,no
0,no
0,no
0,no
0,no
0,no
0,no
0,no
0,no
0,no
0,no
0,no
0,no
0,no
0,no
0,no
0,no
0,no
0,no
0,no
0,no
0,no
0,no
0,no
0,no
0,no
0,no
0,no
0,no
0,no
0,no
0,no
0,no
0,no
0,no
0,no
0,no
0,no
0,no
0,no
0,no
0,no
0,no
0,no
0,no
0,no
0,no
0,no
0,no
0,no
0,no
0,no
0,no
0,no
0,no
0,no
0,no
0,no
0,no
0,no
0,no
0,no
0,no
0,no
0,no
0,no
0,no
0,no
0,no
0,no
0,no
0,no
0,no
0,no
0,no
0,no
0,no
0,no
0,no
0,no
0,no
0,no
0,no
0,no
0,no
0,no
0,no
0,no
0,no
0,no
0,no
0,no
0,no
0,no
0,no
0,no
0,no
0,no
0,no
0,no
0,no
0,no
0,no
0,no
0,no
0,no
0,no
0,no
0,no
0,no
0,no
0,no
0,no
0,no
0,no
0,no
0,no
0,no
0,no
0,no
0,no
0,no
0,no
0,no
0,no
0,no
0,no
0,no
0,no
0,no
0,no
0,no
0,no
0,no
0,no
0,no
0,no
0,no
0,no
0,no
0,no
0,no
0,no
0,no
0,no
0,no
0,no
0,no
0,no
0,no
0,no
0,no
0,no
0,no
0,no
0,no
0,no
0,no
0,no
0,no
0,no
0,no
0,no
0,no
0,no
0,no
0,no
0,no
0,no
0,no
0,no
0,no
0,no
0,no
0,no
0,no
0,no
0,no
0,no
0,no
0,no
0,no
0,no
0,no
0,no
0,no
0,no
0,no
0,no
0,no
0,no
0,no
0,no
0,no
0,no
0,no
0,no
0,no
0,no
0,no
0,no
0,no
0,no
0,no
0,no
0,no
0,no
0,no
0,no
0,no
0,no
0,no
0,no
0,no
0,no
0,no
0,no
0,no
0,no
0,no
0,no
0,no
0,no
0,no
0,no
0,no
0,no
0,no
0,no
0,no
0,no
0,no
0,no
0,no
0,no
0,no
0,no
0,no
0,no
0,no
0,no
0,no
0,no
0,no
0,no
0,no
0,no
0,no
0,no
0,no
0,no
0,no
0,no
0,no
0,no
0,no
0,no
0,no
0,no
0,no
0,no
0,no
0,no
0,no
0,no
0,no
0,no
0,no
0,no
0,no
0,no
0,no
0,no
0,no
0,no
0,no
0,no
0,no
0,no
0,no
0,no
0,no
0,no
0,no
0,no
0,no
0,no
0,no
0,no
0,no
0,no
0,no
0,no
0,no
0,no
0,no
0,no
0,no
0,no
0,no
0,no
0,no
0,no
0,no
0,no
0,no
0,no
0,no
0,no
0,no
0,no
0,no
0,no
0,no
0,no
0,no
0,no
0,no
0,no
0,no
0,no
0,no
0,no
0,no
0,no
0,no
0,no
0,no
0,no
0,no
0,no
0,no
0,no
0,no
0,no
0,no
0,no
0,no
0,no
0,no
0,no
0,no
0,no
0,no
0,no
0,no
0,no
0,no
0,no
0,no
0,no
0,no
0,no
0,no
0,no
0,no
0,no
0,no
0,no
0,no
0,no
0,no
0,no
0,no
0,no
0,no
0,no
0,no
0,no
0,no
0,no
0,no
0,no
0,no
0,no
0,no
0,no
0,no
0,no
0,no
0,no
0,no
0,no
0,no
0,no
0,no
0,no
0,no
0,no
0,no
0,no
0,no
0,no
0,no
0,no
0,no
0,no
0,no
0,no
0,no
0,no
0,no
0,no
0,no
0,no
0,no
0,no
0,no
0,no
0,no
0,no
0,no
0,no
0,no
0,no
0,no
0,no
0,no
0,no
0,no
0,no
0,no
0,no
0,no
0,no
0,no
0,no
0,no
0,no
0,no
0,no
0,no
0,no
0,no
0,no
0,no
0,no
0,no
0,no
0,no
0,no
0,no
0,no
0,no
0,no
0,no
0,no
0,no
0,no
0,no
0,no
0,no
0,no
0,no
0,no
0,no
0,no
0,no
0,no
0,no
0,no
0,no
0,no
0,no
0,no
0,no
0,no
0,no
0,no
0,no
0,no
0,no
0,no
0,no
0,no
0,no
0,no
0,no
0,no
0,no
0,no
0,no
0,no
0,no
0,no
0,no
0,no
0,no
0,no
0,no
0,no
0,no
0,no
0,no
0,no
0,no
0,no
0,no
0,no
0,no
0,no
0,no
0,no
0,no
0,no
0,no
0,no
0,no
0,no
0,no
0,no
0,no
0,no
0,no
0,no
521,-+
0,no
592,+-
465,++
0,no
283,--
0,no
0,no
0,no
527,++
0,no
311,-+
220,++
140,+-
597,-+
0,no
0,no
0,no
468,-+
290,+-
183,-+
780,-+
0,no
0,no
175,--
223,+-
0,no
79,++
68,--
428,+-
0,no
0,no
1202,+-
90,--
167,-+
0,no
0,no
0,no
0,no
87,++
0,no
234,+-
0,no
0,no
0,no
0,no
0,no
0,no
0,no
0,no
0,no
337,--
35,--
0,no
0,no
0,no
235,+-
0,no
0,no
0,no
61,--
0,no
0,no
314,--
49,--
783,--
0,no
0,no
0,no
302,+-
140,++
130,--
1395,--
193,++
62,+-
0,no
0,no
0,no
0,no
1478,--
95,--
0,no
0,no
0,no
264,+-
221,--
0,no
0,no
0,no
162,-+
200,--
526,++
0,no
140,+-
0,no
0,no
484,++
1401,--
0,no
612,+-
0,no
0,no
0,no
247,+-
0,no
180,+-
252,++
0,no
0,no
0,no
0,no
230,--
0,no
247,--
48,--
561,--
0,no
27,++
34,++
0,no
0,no
0,no
0,no
0,no
741,--
0,no
0,no
0,no
128,++
655,--
0,no
1118,++
0,no
0,no
42,--
0,no
40,+-
0,no
0,no
0,no
45,+-
0,no
0,no
0,no
0,no
0,no
640,+-
712,++
0,no
239,+-
2511,++
0,no
0,no
763,--
0,no
0,no
545,--
0,no
149,+-
684,+-
0,no
455,-+
0,no
0,no
196,+-
1065,++
1627,-+
180,-+
0,no
0,no
1355,++
0,no
836,--
0,no
283,++
273,++
0,no
0,no
0,no
368,++
746,-+
0,no
799,+-
0,no
0,no
682,--
142,+-
103,-+
220,++
719,-+
66,-+
0,no
0,no
0,no
61,-+
563,++
0,no
978,++
0,no
0,no
0,no
0,no
51,++
0,no
0,no
0,no
0,no
0,no
1031,--
0,no
0,no
0,no
48,++
360,-+
282,-+
297,-+
46,-+
148,+-
0,no
99,-+
0,no
0,no
142,--
0,no
59,--
0,no
0,no
0,no
0,no
0,no
0,no
164,-+
883,+-
0,no
573,++
0,no
0,no
144,+-
0,no
79,--
395,+-
0,no
0,no
217,-+
149,+-
262,-+
0,no
349,--
0,no
0,no
0,no
0,no
208,-+
0,no
0,no
0,no
0,no
0,no
106,++
136,+-
267,-+
0,no
0,no
151,-+
56,++
0,no
557,+-
0,no
0,no
1043,--
0,no
0,no
1378,++
0,no
728,++
218,++
139,+-
0,no
0,no
254,++
0,no
0,no
0,no
0,no
0,no
0,no
784,-+
0,no
0,no
0,no
0,no
243,-+
0,no
0,no
85,+-
204,++
0,no
454,++
599,-+
0,no
138,++
271,--
0,no
0,no
771,--
0,no
0,no
0,no
0,no
0,no
0,no
217,-+
0,no
0,no
147,--
0,no
0,no
66,--
0,no
1466,+-
0,no
0,no
0,no
1069,--
900,+-
108,+-
0,no
0,no
0,no
185,++
0,no
254,-+
61,+-
0,no
0,no
636,-+
0,no
599,--
0,no
69,-+
277,--
0,no
0,no
0,no
0,no
0,no
0,no
0,no
0,no
0,no
0,no
0,no
0,no
0,no
0,no
0,no
0,no
0,no
0,no
0,no
0,no
0,no
0,no
0,no
0,no
0,no
0,no
0,no
0,no
0,no
0,no
0,no
0,no
0,no
0,no
0,no
0,no
0,no
0,no
0,no
0,no
0,no
0,no
0,no
0,no
0,no
0,no
0,no
0,no
0,no
0,no
0,no
0,no
0,no
0,no
0,no
0,no
0,no
0,no
0,no
0,no
0,no
0,no
0,no
0,no
0,no
0,no
0,no
0,no
0,no
0,no
0,no
0,no
0,no
0,no
0,no
0,no
0,no
0,no
0,no
0,no
0,no
0,no
0,no
0,no
0,no
0,no
0,no
0,no
0,no
0,no
0,no
0,no
0,no
0,no
0,no
0,no
0,no
0,no
0,no
0,no
0,no
0,no
0,no
0,no
0,no
0,no
0,no
0,no
0,no
0,no
0,no
0,no
0,no
0,no
0,no
0,no
0,no
0,no
0,no
0,no
0,no
0,no
0,no
0,no
0,no
0,no
0,no
0,no
0,no
0,no
0,no
0,no
0,no
0,no
0,no
0,no
0,no
0,no
0,no
0,no
0,no
0,no
0,no
0,no
0,no
0,no
0,no
0,no
0,no
0,no
0,no
0,no
0,no
0,no
0,no
0,no
0,no
0,no
0,no
0,no
0,no
0,no
0,no
0,no
0,no
0,no
0,no
0,no
0,no
0,no
0,no
0,no
0,no
0,no
0,no
0,no
0,no
0,no
0,no
0,no
0,no
0,no
0,no
0,no
0,no
0,no
0,no
0,no
0,no
0,no
0,no
0,no
0,no
0,no
0,no
0,no
0,no
0,no
0,no
0,no
0,no
0,no
0,no
0,no
0,no
0,no
0,no
0,no
0,no
0,no
0,no
0,no
0,no
0,no
0,no
0,no
0,no
0,no
0,no
0,no
0,no
0,no
0,no
0,no
0,no
0,no
0,no
0,no
0,no
0,no
0,no
0,no
0,no
0,no
0,no
0,no
0,no
0,no
0,no
0,no
0,no
0,no
0,no
0,no
0,no
0,no
0,no
0,no
0,no
0,no
0,no
0,no
0,no
0,no
0,no
0,no
0,no
0,no
0,no
0,no
0,no
0,no
0,no
0,no
0,no
0,no
0,no
0,no
0,no
0,no
0,no
0,no
0,no
0,no
0,no
0,no
0,no
0,no
0,no
0,no
0,no
0,no
0,no
0,no
0,no
0,no
0,no
0,no
0,no
0,no
0,no
0,no
0,no
0,no
0,no
0,no
0,no
0,no
0,no
0,no
0,no
0,no
0,no
0,no
0,no
0,no
0,no
0,no
0,no
0,no
0,no
0,no
0,no
0,no
0,no
0,no
0,no
0,no
0,no
0,no
0,no
0,no
0,no
0,no
0,no
0,no
0,no
0,no
0,no
0,no
0,no
0,no
0,no
0,no
0,no
0,no
0,no
0,no
0,no
0,no
0,no
0,no
0,no
0,no
0,no
0,no
0,no
0,no
0,no
0,no
0,no
0,no
0,no
0,no
0,no
0,no
0,no
0,no
0,no
0,no
0,no
0,no
0,no
0,no
0,no
0,no
0,no
0,no
0,no
0,no
0,no
0,no
0,no
0,no
0,no
0,no
0,no
0,no
0,no
0,no
0,no
0,no
0,no
0,no
0,no
0,no
0,no
0,no
0,no
0,no
0,no
0,no
0,no
0,no
0,no
0,no
0,no
0,no
0,no
0,no
0,no
0,no
0,no
0,no
0,no
0,no
0,no
0,no
0,no
0,no
0,no
0,no
0,no
0,no
0,no
0,no
0,no
0,no
0,no
0,no
0,no
0,no
0,no
0,no
0,no
0,no
0,no
0,no
0,no
0,no
0,no
0,no
0,no
0,no
0,no
0,no
0,no
0,no
0,no
0,no
0,no
0,no
0,no
0,no
0,no
0,no
0,no
0,no
0,no
0,no
0,no
0,no
0,no
0,no
0,no
0,no
0,no
0,no
0,no
0,no
0,no
0,no
0,no
0,no
0,no
0,no
0,no
0,no
0,no
0,no
0,no
0,no
0,no
0,no
0,no
0,no
0,no
0,no
0,no
0,no
0,no
0,no
0,no
0,no
0,no
0,no
0,no
0,no
0,no
0,no
0,no
0,no
0,no
0,no
0,no
0,no
0,no
0,no
0,no
0,no
0,no
0,no
0,no
0,no
0,no
0,no
0,no
0,no
0,no
0,no
0,no
0,no
0,no
0,no
0,no
0,no
0,no
0,no
0,no
0,no
0,no
0,no
0,no
0,no
0,no
0,no
0,no
0,no
0,no
0,no
0,no
0,no
0,no
0,no
0,no
0,no
0,no
0,no
0,no
0,no
0,no
0,no
0,no
0,no
0,no
0,no
0,no
0,no
0,no
0,no
0,no
0,no
0,no
0,no
0,no
0,no
0,no
0,no
0,no
0,no
0,no
0,no
0,no
0,no
0,no
0,no
0,no
0,no
0,no
0,no
0,no
0,no
0,no
0,no
0,no
0,no
0,no
0,no
0,no
0,no
0,no
0,no
0,no
0,no
0,no
0,no
0,no
0,no
0,no
0,no
0,no
0,no
0,no
0,no
0,no
0,no
0,no
0,no
0,no
0,no
0,no
0,no
0,no
0,no
0,no
0,no
0,no
0,no
0,no
0,no
0,no
0,no
0,no
0,no
0,no
0,no
0,no
0,no
0,no
0,no
0,no
0,no
0,no
0,no
0,no
0,no
0,no
0,no
0,no
0,no
0,no
0,no
0,no
0,no
0,no
0,no
0,no
0,no
0,no
0,no
0,no
0,no
0,no
0,no
0,no
0,no
0,no
0,no
176,+-
467,+-
0,no
0,no
0,no
0,no
245,-+
64,+-
375,--
284,+-
0,no
98,-+
1129,+-
0,no
0,no
1002,--
0,no
103,+-
0,no
360,-+
187,--
235,++
0,no
720,++
229,-+
74,-+
0,no
0,no
0,no
0,no
0,no
0,no
413,-+
0,no
0,no
23,--
0,no
670,-+
0,no
811,--
0,no
0,no
0,no
0,no
0,no
0,no
0,no
220,+-
130,-+
0,no
1009,-+
300,+-
137,+-
0,no
0,no
0,no
0,no
44,++
60,+-
618,+-
1228,+-
0,no
0,no
0,no
474,+-
0,no
494,++
0,no
309,++
0,no
0,no
0,no
0,no
0,no
0,no
181,--
0,no
0,no
0,no
0,no
300,+-
0,no
259,+-
0,no
0,no
0,no
197,--
493,--
0,no
245,-+
0,no
0,no
0,no
0,no
46,++
0,no
0,no
174,+-
1240,-+
0,no
103,+-
0,no
0,no
0,no
89,+-
0,no
0,no
0,no
0,no
0,no
172,-+
375,--
0,no
0,no
0,no
0,no
0,no
0,no
284,-+
134,++
184,++
0,no
393,++
0,no
311,+-
0,no
0,no
0,no
128,++
706,+-
997,-+
0,no
0,no
59,--
0,no
0,no
0,no
0,no
0,no
249,++
0,no
0,no
0,no
0,no
391,++
0,no
0,no
0,no
0,no
0,no
0,no
0,no
0,no
0,no
0,no
0,no
0,no
0,no
1335,-+
0,no
0,no
342,+-
0,no
0,no
221,--
515,+-
0,no
0,no
0,no
0,no
719,--
994,++
0,no
0,no
221,+-
0,no
290,--
101,-+
0,no
0,no
0,no
237,--
645,+-
0,no
0,no
0,no
46,--
77,+-
0,no
0,no
257,-+
0,no
831,++
0,no
0,no
179,--
441,-+
0,no
0,no
0,no
0,no
543,--
0,no
0,no
0,no
0,no
0,no
959,-+
0,no
342,--
0,no
272,++
309,--
0,no
0,no
52,--
0,no
0,no
453,+-
386,--
0,no
0,no
0,no
80,+-
132,+-
0,no
0,no
512,++
0,no
993,++
0,no
320,--
0,no
0,no
143,++
0,no
0,no
0,no
333,-+
0,no
674,-+
0,no
0,no
0,no
81,+-
0,no
0,no
0,no
0,no
80,+-
0,no
529,+-
0,no
0,no
0,no
350,++
0,no
0,no
407,--
280,++
0,no
0,no
187,--
0,no
0,no
307,-+
0,no
0,no
0,no
265,+-
296,--
556,++
284,++
529,++
0,no
0,no
188,-+
189,++
0,no
0,no
0,no
0,no
0,no
164,+-
0,no
0,no
0,no
171,-+
63,+-
0,no
0,no
0,no
0,no
0,no
0,no
0,no
47,++
0,no
368,--
0,no
0,no
0,no
0,no
0,no
0,no
62,--
0,no
0,no
0,no
123,++
136,++
0,no
0,no
85,++
0,no
124,-+
121,-+
0,no
599,+-
0,no
0,no
57,+-
78,++
68,--
59,-+
356,-+
0,no
0,no
0,no
38,-+
150,-+
176,+-
0,no
0,no
252,++
0,no
0,no
123,+-
0,no
2765,--
0,no
2037,+-
1569,+-
0,no
65,+-
912,+-
0,no
135,+-
481,+-
0,no
96,--
367,--
0,no
0,no
0,no
0,no
415,-+
0,no
152,-+
0,no
44,+-
244,++
160,-+
132,--
1064,+-
127,+-
0,no
0,no
0,no
0,no
0,no
0,no
0,no
238,--
208,--
580,-+
244,+-
481,-+
132,--
233,+-
0,no
57,-+
0,no
0,no
0,no
68,++
0,no
0,no
0,no
32,-+
0,no
0,no
0,no
0,no
0,no
78,++
103,--
326,-+
309,++
199,++
0,no
51,+-
52,++
0,no
289,+-
523,--
0,no
0,no
207,+-
66,+-
0,no
0,no
120,--
0,no
733,++
123,+-
358,--
0,no
0,no
0,no
0,no
0,no
0,no
0,no
86,--
0,no
200,--
363,+-
141,+-
0,no
0,no
0,no
691,-+
0,no
0,no
0,no
0,no
0,no
168,+-
36,--
0,no
0,no
0,no
0,no
0,no
0,no
0,no
414,+-
137,+-
0,no
0,no
152,--
0,no
0,no
758,++
0,no
0,no
231,++
0,no
667,--
2176,+-
0,no
0,no
0,no
0,no
652,++
0,no
0,no
1256,-+
42,++
0,no
0,no
0,no
0,no
378,+-
177,-+
0,no
45,-+
0,no
0,no
482,++
281,+-
281,-+
0,no
0,no
0,no
225,-+
1229,+-
0,no
438,+-
156,++
0,no
0,no
1713,+-
0,no
115,-+
32,+-
0,no
0,no
0,no
0,no
565,+-
0,no
343,--
166,--
204,-+
0,no
0,no
51,+-
0,no
428,--
231,--
0,no
0,no
291,--
0,no
0,no
0,no
236,+-
0,no
1182,--
0,no
834,+-
0,no
141,-+
209,+-
0,no
0,no
384,+-
0,no
1719,+-
754,+-
0,no
326,++
0,no
0,no
0,no
0,no
0,no
47,++
0,no
0,no
0,no
0,no
76,++
0,no
0,no
0,no
0,no
0,no
0,no
0,no
459,-+
0,no
1252,--
0,no
618,-+
737,+-
0,no
0,no
263,+-
0,no
0,no
1160,-+
440,+-
0,no
0,no
0,no
351,+-
0,no
691,++
62,++
487,++
294,--
1084,++
0,no
0,no
143,+-
0,no
0,no
0,no
0,no
0,no
35,++
0,no
0,no
178,++
0,no
0,no
0,no
229,--
0,no
0,no
0,no
36,+-
101,++
0,no
0,no
749,++
0,no
75,-+
0,no
0,no
1765,-+
1104,-+
471,++
0,no
108,--
0,no
0,no
0,no
0,no
0,no
184,-+
103,--
284,++
458,+-
0,no
0,no
549,++
0,no
0,no
0,no
0,no
1092,++
0,no
0,no
0,no
0,no
0,no
0,no
0,no
0,no
0,no
0,no
0,no
0,no
0,no
0,no
0,no
0,no
0,no
0,no
0,no
0,no
0,no
0,no
0,no
0,no
0,no
0,no
0,no
0,no
0,no
0,no
0,no
0,no
0,no
0,no
0,no
0,no
0,no
0,no
0,no
0,no
0,no
0,no
0,no
0,no
0,no
0,no
0,no
0,no
0,no
0,no
0,no
0,no
0,no
0,no
0,no
0,no
0,no
0,no
0,no
0,no
0,no
0,no
0,no
0,no
0,no
0,no
0,no
0,no
0,no
0,no
0,no
0,no
0,no
0,no
0,no
0,no
0,no
0,no
0,no
0,no
0,no
0,no
0,no
0,no
0,no
0,no
0,no
0,no
0,no
0,no
0,no
0,no
0,no
0,no
0,no
0,no
0,no
0,no
0,no
0,no
0,no
0,no
0,no
0,no
0,no
0,no
0,no
0,no
0,no
0,no
0,no
0,no
0,no
0,no
0,no
0,no
0,no
0,no
0,no
0,no
0,no
0,no
0,no
0,no
0,no
0,no
0,no
0,no
0,no
0,no
0,no
0,no
0,no
0,no
0,no
0,no
0,no
0,no
0,no
0,no
0,no
0,no
0,no
0,no
0,no
0,no
0,no
0,no
0,no
0,no
0,no
0,no
0,no
0,no
0,no
0,no
0,no
0,no
0,no
0,no
0,no
0,no
0,no
0,no
0,no
0,no
0,no
0,no
0,no
0,no
0,no
0,no
0,no
0,no
0,no
0,no
0,no
0,no
0,no
0,no
0,no
0,no
0,no
0,no
0,no
0,no
0,no
0,no
0,no
0,no
0,no
0,no
0,no
0,no
0,no
0,no
0,no
0,no
0,no
0,no
0,no
0,no
0,no
0,no
0,no
0,no
0,no
0,no
0,no
0,no
0,no
0,no
0,no
0,no
0,no
0,no
0,no
0,no
0,no
0,no
0,no
0,no
0,no
0,no
0,no
0,no
0,no
0,no
0,no
0,no
0,no
0,no
0,no
0,no
0,no
0,no
0,no
0,no
0,no
0,no
0,no
0,no
0,no
0,no
0,no
0,no
0,no
0,no
0,no
0,no
0,no
0,no
0,no
0,no
0,no
0,no
0,no
0,no
0,no
0,no
0,no
0,no
0,no
0,no
0,no
0,no
0,no
0,no
0,no
0,no
0,no
0,no
0,no
0,no
0,no
0,no
0,no
0,no
0,no
0,no
0,no
0,no
0,no
0,no
0,no
0,no
0,no
0,no
0,no
0,no
0,no
0,no
0,no
0,no
0,no
0,no
0,no
0,no
0,no
0,no
0,no
0,no
0,no
0,no
0,no
0,no
0,no
0,no
0,no
0,no
0,no
0,no
0,no
0,no
0,no
0,no
0,no
0,no
0,no
0,no
0,no
0,no
0,no
0,no
0,no
0,no
0,no
0,no
0,no
0,no
0,no
0,no
0,no
0,no
0,no
0,no
0,no
0,no
0,no
0,no
0,no
0,no
0,no
0,no
0,no
0,no
0,no
0,no
0,no
0,no
0,no
0,no
0,no
0,no
0,no
0,no
0,no
0,no
0,no
0,no
0,no
0,no
0,no
0,no
0,no
0,no
0,no
0,no
0,no
0,no
0,no
0,no
0,no
0,no
0,no
0,no
0,no
0,no
0,no
0,no
0,no
0,no
0,no
0,no
0,no
0,no
0,no
0,no
0,no
0,no
0,no
0,no
0,no
0,no
0,no
0,no
0,no
0,no
0,no
0,no
0,no
0,no
0,no
0,no
0,no
0,no
0,no
0,no
0,no
0,no
0,no
0,no
0,no
0,no
0,no
0,no
0,no
0,no
0,no
0,no
0,no
0,no
0,no
0,no
0,no
0,no
0,no
0,no
0,no
0,no
0,no
0,no
0,no
0,no
0,no
0,no
0,no
0,no
0,no
0,no
0,no
0,no
0,no
0,no
0,no
0,no
0,no
0,no
0,no
0,no
0,no
0,no
0,no
0,no
0,no
0,no
0,no
0,no
0,no
0,no
0,no
0,no
0,no
0,no
0,no
0,no
0,no
0,no
0,no
0,no
0,no
0,no
0,no
0,no
0,no
0,no
0,no
0,no
0,no
0,no
0,no
0,no
0,no
0,no
0,no
0,no
0,no
0,no
0,no
0,no
0,no
0,no
0,no
0,no
0,no
0,no
0,no
0,no
0,no
0,no
0,no
0,no
0,no
0,no
0,no
0,no
0,no
0,no
0,no
0,no
0,no
0,no
0,no
0,no
0,no
0,no
0,no
0,no
0,no
0,no
0,no
0,no
0,no
0,no
0,no
0,no
0,no
0,no
0,no
0,no
0,no
0,no
0,no
0,no
0,no
0,no
0,no
0,no
0,no
0,no
0,no
0,no
0,no
0,no
0,no
0,no
0,no
0,no
0,no
0,no
0,no
0,no
0,no
0,no
0,no
0,no
0,no
0,no
0,no
0,no
0,no
0,no
0,no
0,no
0,no
0,no
0,no
0,no
0,no
0,no
0,no
0,no
0,no
0,no
0,no
0,no
0,no
0,no
0,no
0,no
0,no
0,no
0,no
0,no
0,no
0,no
0,no
0,no
0,no
0,no
0,no
0,no
0,no
0,no
0,no
0,no
0,no
0,no
0,no
0,no
0,no
0,no
0,no
0,no
0,no
0,no
0,no
0,no
0,no
0,no
0,no
0,no
0,no
0,no
0,no
0,no
0,no
0,no
0,no
0,no
0,no
0,no
0,no
0,no
0,no
0,no
0,no
0,no
0,no
0,no
0,no
0,no
0,no
0,no
0,no
0,no
0,no
0,no
0,no
0,no
0,no
0,no
0,no
0,no
0,no
0,no
0,no
0,no
0,no
0,no
0,no
0,no
0,no
0,no
0,no
0,no
0,no
0,no
0,no
0,no
0,no
0,no
0,no
0,no
0,no
0,no
0,no
0,no
0,no
0,no
0,no
0,no
0,no
0,no
0,no
0,no
0,no
0,no
0,no
0,no
0,no
0,no
0,no
0,no
0,no
0,no
0,no
0,no
0,no
0,no
0,no
0,no
0,no
0,no
0,no
0,no
0,no
0,no
0,no
0,no
0,no
0,no
0,no
0,no
0,no
0,no
0,no
0,no
0,no
0,no
0,no
0,no
0,no
0,no
0,no
0,no
0,no
0,no
0,no
0,no
0,no
0,no
0,no
0,no
0,no
0,no
0,no
0,no
0,no
0,no
0,no
0,no
0,no
0,no
0,no
0,no
0,no
0,no
0,no
0,no
0,no
0,no
0,no
0,no
0,no
0,no
0,no
0,no
0,no
0,no
0,no
0,no
0,no
0,no
0,no
0,no
0,no
0,no
0,no
0,no
0,no
0,no
0,no
0,no
0,no
0,no
0,no
0,no
0,no
0,no
0,no
0,no
0,no
0,no
0,no
0,no
0,no
0,no
0,no
0,no
0,no
0,no
0,no
0,no
0,no
0,no
0,no
0,no
0,no
0,no
0,no
0,no
0,no
0,no
0,no
0,no
0,no
0,no
0,no
0,no
0,no
0,no
0,no
0,no
0,no
0,no
0,no
0,no
0,no
0,no
0,no
0,no
0,no
0,no
0,no
0,no
0,no
0,no
0,no
0,no
0,no
0,no
0,no
0,no
0,no
0,no
0,no
0,no
0,no
0,no
0,no
0,no
0,no
0,no
0,no
0,no
0,no
0,no
0,no
0,no
0,no
0,no
0,no
0,no
0,no
0,no
0,no
0,no
0,no
0,no
0,no
0,no
0,no
0,no
0,no
0,no
0,no
0,no
0,no
0,no
0,no
0,no
0,no
0,no
0,no
0,no
0,no
0,no
0,no
0,no
0,no
0,no
0,no
0,no
0,no
0,no
0,no
0,no
0,no
0,no
0,no
0,no
0,no
0,no
0,no
0,no
0,no
0,no
0,no
0,no
0,no
0,no
0,no
0,no
0,no
0,no
0,no
0,no
0,no
0,no
0,no
0,no
0,no
0,no
0,no
0,no
0,no
0,no
0,no
0,no
0,no
0,no
0,no
0,no
0,no
0,no
0,no
0,no
0,no
0,no
0,no
0,no
0,no
0,no
0,no
0,no
0,no
0,no
0,no
0,no
0,no
0,no
0,no
0,no
0,no
0,no
0,no
0,no
0,no
0,no
0,no
0,no
0,no
0,no
0,no
0,no
0,no
0,no
0,no
0,no
0,no
0,no
0,no
0,no
0,no
0,no
0,no
0,no
0,no
0,no
0,no
0,no
0,no
0,no
0,no
0,no
0,no
0,no
0,no
0,no
0,no
0,no
0,no
0,no
0,no
0,no
0,no
0,no
0,no
0,no
0,no
0,no
0,no
0,no
0,no
0,no
0,no
0,no
0,no
0,no
412,++
0,no
0,no
0,no
98,++
0,no
50,+-
0,no
0,no
330,--
0,no
43,--
0,no
0,no
227,+-
166,-+
0,no
349,-+
440,-+
703,++
0,no
208,+-
0,no
0,no
0,no
692,+-
0,no
0,no
0,no
1355,+-
1140,--
371,--
65,++
0,no
130,+-
704,--
0,no
0,no
561,--
92,--
0,no
0,no
235,+-
0,no
0,no
0,no
159,-+
0,no
177,-+
0,no
277,++
0,no
0,no
0,no
0,no
200,+-
298,-+
0,no
0,no
0,no
0,no
0,no
1402,+-
0,no
0,no
386,-+
0,no
0,no
0,no
0,no
0,no
0,no
0,no
0,no
117,+-
0,no
0,no
0,no
0,no
0,no
218,++
0,no
52,+-
0,no
0,no
538,+-
0,no
0,no
0,no
1252,--
0,no
0,no
206,--
0,no
0,no
0,no
0,no
0,no
217,-+
0,no
872,-+
1087,-+
0,no
0,no
364,-+
243,--
281,+-
0,no
0,no
518,-+
367,++
1157,+-
0,no
2175,--
74,+-
0,no
0,no
194,--
0,no
0,no
0,no
115,--
0,no
0,no
104,--
1421,--
330,--
66,+-
153,+-
0,no
0,no
654,++
0,no
0,no
40,+-
816,+-
0,no
219,++
0,no
36,+-
0,no
0,no
84,+-
165,--
672,-+
508,+-
0,no
0,no
0,no
0,no
0,no
0,no
0,no
0,no
790,+-
0,no
409,++
0,no
0,no
821,-+
85,--
0,no
69,+-
0,no
789,++
0,no
133,+-
745,++
0,no
0,no
133,+-
233,--
90,-+
0,no
0,no
0,no
123,+-
0,no
0,no
1314,++
0,no
0,no
0,no
0,no
0,no
0,no
1003,+-
0,no
302,-+
0,no
1786,--
0,no
184,+-
0,no
0,no
0,no
30,++
0,no
0,no
873,+-
464,--
0,no
0,no
432,++
0,no
134,++
0,no
0,no
52,++
662,++
626,-+
0,no
0,no
0,no
343,-+
1244,++
67,-+
0,no
270,--
0,no
119,-+
108,-+
117,--
0,no
0,no
0,no
64,+-
958,-+
262,--
0,no
253,-+
0,no
190,--
112,++
392,++
224,++
71,+-
215,++
0,no
111,++
138,--
95,-+
0,no
0,no
0,no
0,no
1931,++
1414,++
0,no
0,no
0,no
0,no
0,no
0,no
0,no
0,no
0,no
0,no
0,no
0,no
0,no
0,no
0,no
0,no
0,no
0,no
0,no
0,no
0,no
0,no
0,no
0,no
0,no
0,no
0,no
0,no
0,no
0,no
0,no
0,no
0,no
0,no
0,no
0,no
0,no
0,no
0,no
0,no
0,no
0,no
0,no
0,no
0,no
0,no
0,no
0,no
0,no
0,no
0,no
0,no
0,no
0,no
0,no
0,no
0,no
0,no
0,no
0,no
0,no
0,no
0,no
0,no
0,no
0,no
0,no
0,no
0,no
0,no
0,no
0,no
0,no
0,no
0,no
0,no
0,no
0,no
0,no
0,no
0,no
0,no
0,no
0,no
0,no
0,no
0,no
0,no
0,no
0,no
0,no
0,no
0,no
0,no
0,no
0,no
0,no
0,no
0,no
0,no
0,no
0,no
0,no
0,no
0,no
0,no
0,no
0,no
0,no
0,no
0,no
0,no
0,no
0,no
0,no
0,no
0,no
0,no
0,no
0,no
0,no
0,no
0,no
0,no
0,no
0,no
0,no
0,no
0,no
0,no
0,no
0,no
0,no
0,no
0,no
0,no
0,no
0,no
0,no
0,no
0,no
0,no
0,no
0,no
0,no
0,no
0,no
0,no
0,no
0,no
0,no
0,no
0,no
0,no
0,no
0,no
0,no
0,no
0,no
0,no
0,no
0,no
0,no
0,no
0,no
0,no
0,no
0,no
0,no
0,no
0,no
0,no
0,no
0,no
0,no
0,no
0,no
0,no
0,no
0,no
0,no
0,no
0,no
0,no
0,no
0,no
0,no
0,no
0,no
0,no
0,no
0,no
0,no
0,no
0,no
0,no
0,no
0,no
0,no
0,no
0,no
0,no
0,no
0,no
0,no
0,no
0,no
0,no
0,no
0,no
0,no
0,no
0,no
0,no
0,no
0,no
0,no
0,no
0,no
0,no
0,no
0,no
0,no
0,no
0,no
0,no
0,no
0,no
0,no
0,no
0,no
0,no
0,no
0,no
0,no
0,no
0,no
0,no
0,no
0,no
0,no
0,no
0,no
0,no
0,no
0,no
0,no
0,no
0,no
0,no
0,no
0,no
0,no
0,no
0,no
0,no
0,no
0,no
0,no
0,no
0,no
0,no
0,no
0,no
0,no
0,no
0,no
0,no
0,no
0,no
0,no
0,no
0,no
0,no
0,no
0,no
0,no
0,no
0,no
0,no
0,no
0,no
0,no
0,no
0,no
0,no
0,no
0,no
0,no
0,no
0,no
0,no
0,no
0,no
0,no
0,no
0,no
0,no
0,no
0,no
0,no
0,no
0,no
0,no
0,no
0,no
0,no
0,no
0,no
0,no
0,no
0,no
0,no
0,no
0,no
0,no
0,no
0,no
0,no
0,no
0,no
0,no
0,no
0,no
0,no
0,no
0,no
0,no
0,no
0,no
0,no
0,no
0,no
0,no
0,no
0,no
0,no
0,no
0,no
0,no
0,no
0,no
0,no
0,no
0,no
0,no
0,no
0,no
0,no
0,no
0,no
0,no
0,no
0,no
0,no
0,no
0,no
0,no
0,no
0,no
0,no
0,no
0,no
0,no
0,no
0,no
0,no
0,no
0,no
0,no
0,no
0,no
0,no
0,no
0,no
0,no
0,no
0,no
0,no
0,no
0,no
0,no
0,no
0,no
0,no
0,no
0,no
0,no
0,no
0,no
0,no
0,no
0,no
0,no
0,no
0,no
0,no
0,no
0,no
0,no
0,no
0,no
0,no
0,no
0,no
0,no
0,no
0,no
0,no
0,no
0,no
0,no
0,no
0,no
0,no
0,no
0,no
0,no
0,no
0,no
0,no
0,no
0,no
0,no
0,no
0,no
0,no
0,no
0,no
0,no
0,no
0,no
0,no
0,no
0,no
0,no
0,no
0,no
0,no
0,no
0,no
0,no
0,no
0,no
0,no
0,no
0,no
0,no
0,no
0,no
0,no
0,no
0,no
0,no
0,no
0,no
0,no
0,no
0,no
0,no
0,no
0,no
0,no
0,no
0,no
0,no
0,no
0,no
0,no
0,no
0,no
0,no
0,no
0,no
0,no
0,no
0,no
0,no
0,no
0,no
0,no
0,no
0,no
0,no
0,no
0,no
0,no
0,no
0,no
0,no
0,no
0,no
0,no
0,no
0,no
0,no
0,no
0,no
0,no
0,no
0,no
0,no
0,no
104,+-
0,no
0,no
588,+-
0,no
207,--
0,no
0,no
0,no
0,no
98,++
0,no
71,--
1227,--
0,no
0,no
388,+-
148,++
0,no
334,++
648,--
895,++
0,no
0,no
1240,++
0,no
0,no
66,--
0,no
0,no
263,-+
0,no
0,no
97,++
632,+-
0,no
0,no
0,no
0,no
0,no
357,+-
279,-+
213,++
0,no
542,--
0,no
614,+-
0,no
617,++
0,no
0,no
0,no
36,+-
0,no
95,--
0,no
165,++
0,no
0,no
53,++
0,no
46,--
0,no
0,no
0,no
0,no
0,no
233,-+
24,++
0,no
45,+-
0,no
191,--
72,+-
0,no
0,no
793,-+
466,-+
0,no
880,-+
40,+-
0,no
0,no
120,--
0,no
77,+-
602,--
0,no
0,no
0,no
0,no
0,no
0,no
0,no
0,no
550,++
0,no
0,no
0,no
0,no
0,no
0,no
0,no
0,no
405,-+
0,no
0,no
180,--
0,no
100,+-
0,no
0,no
0,no
0,no
747,++
294,-+
290,++
174,--
731,++
0,no
0,no
950,+-
0,no
0,no
0,no
422,--
0,no
943,++
0,no
501,+-
0,no
0,no
0,no
188,+-
0,no
0,no
0,no
0,no
0,no
248,++
0,no
0,no
0,no
0,no
367,++
977,++
169,+-
0,no
0,no
0,no
742,--
0,no
0,no
0,no
0,no
98,+-
60,-+
347,--
319,++
0,no
109,--
246,++
0,no
0,no
0,no
356,++
0,no
0,no
112,--
0,no
0,no
124,-+
80,+-
692,-+
297,-+
767,++
0,no
0,no
0,no
254,++
135,-+
69,--
470,+-
0,no
0,no
86,-+
0,no
652,+-
51,--
233,-+
0,no
84,+-
105,++
0,no
0,no
0,no
0,no
0,no
82,--
0,no
0,no
0,no
0,no
182,-+
0,no
0,no
356,--
0,no
0,no
0,no
0,no
36,-+
0,no
366,+-
431,++
0,no
754,--
0,no
73,++
55,+-
0,no
286,++
465,+-
127,--
0,no
0,no
0,no
0,no
468,++
0,no
392,--
370,-+
0,no
0,no
303,+-
0,no
264,++
0,no
0,no
0,no
0,no
0,no
0,no
0,no
0,no
0,no
0,no
0,no
0,no
0,no
0,no
0,no
0,no
0,no
0,no
0,no
0,no
0,no
0,no
0,no
0,no
0,no
0,no
0,no
0,no
0,no
0,no
0,no
0,no
0,no
0,no
0,no
0,no
0,no
0,no
0,no
0,no
0,no
0,no
0,no
0,no
0,no
0,no
0,no
0,no
0,no
0,no
0,no
0,no
0,no
0,no
0,no
0,no
0,no
0,no
0,no
0,no
0,no
0,no
0,no
0,no
0,no
0,no
0,no
0,no
0,no
0,no
0,no
0,no
0,no
0,no
0,no
0,no
0,no
0,no
0,no
0,no
0,no
0,no
0,no
0,no
0,no
0,no
0,no
0,no
0,no
0,no
0,no
0,no
0,no
0,no
0,no
0,no
0,no
0,no
0,no
0,no
0,no
0,no
0,no
0,no
0,no
0,no
0,no
0,no
0,no
0,no
0,no
0,no
0,no
0,no
0,no
0,no
0,no
0,no
0,no
0,no
0,no
0,no
0,no
0,no
0,no
0,no
0,no
0,no
0,no
0,no
0,no
0,no
0,no
0,no
0,no
0,no
0,no
0,no
0,no
0,no
0,no
0,no
0,no
0,no
0,no
0,no
0,no
0,no
0,no
0,no
0,no
0,no
0,no
0,no
0,no
0,no
0,no
0,no
0,no
0,no
0,no
0,no
0,no
0,no
0,no
0,no
0,no
0,no
0,no
0,no
0,no
0,no
0,no
0,no
0,no
0,no
0,no
0,no
0,no
0,no
0,no
0,no
0,no
0,no
0,no
0,no
0,no
0,no
0,no
0,no
0,no
0,no
0,no
0,no
0,no
0,no
0,no
0,no
0,no
0,no
0,no
0,no
0,no
0,no
0,no
0,no
0,no
0,no
0,no
0,no
0,no
0,no
0,no
0,no
0,no
0,no
0,no
0,no
0,no
0,no
0,no
0,no
0,no
0,no
0,no
0,no
0,no
0,no
0,no
0,no
0,no
0,no
0,no
0,no
0,no
0,no
0,no
0,no
0,no
0,no
0,no
0,no
0,no
0,no
0,no
0,no
0,no
0,no
0,no
0,no
0,no
0,no
0,no
0,no
0,no
0,no
0,no
0,no
0,no
0,no
0,no
0,no
0,no
0,no
0,no
0,no
0,no
0,no
0,no
0,no
0,no
0,no
0,no
0,no
0,no
0,no
0,no
0,no
0,no
0,no
0,no
0,no
0,no
0,no
0,no
0,no
0,no
0,no
0,no
0,no
0,no
0,no
0,no
0,no
0,no
0,no
0,no
0,no
0,no
0,no
0,no
0,no
0,no
0,no
0,no
0,no
0,no
0,no
0,no
0,no
0,no
0,no
0,no
0,no
0,no
0,no
0,no
0,no
0,no
0,no
0,no
0,no
0,no
0,no
0,no
0,no
0,no
0,no
0,no
0,no
0,no
0,no
0,no
0,no
0,no
0,no
0,no
0,no
0,no
0,no
0,no
0,no
0,no
0,no
0,no
0,no
0,no
0,no
0,no
0,no
0,no
0,no
0,no
0,no
0,no
0,no
0,no
0,no
0,no
0,no
0,no
0,no
0,no
0,no
0,no
0,no
0,no
0,no
0,no
0,no
0,no
0,no
0,no
0,no
0,no
0,no
0,no
0,no
0,no
0,no
0,no
0,no
0,no
0,no
0,no
0,no
0,no
0,no
0,no
0,no
0,no
0,no
0,no
0,no
0,no
0,no
0,no
0,no
0,no
0,no
0,no
0,no
0,no
0,no
0,no
0,no
0,no
0,no
0,no
0,no
0,no
0,no
0,no
0,no
0,no
0,no
0,no
0,no
0,no
0,no
0,no
0,no
0,no
0,no
0,no
0,no
0,no
0,no
0,no
0,no
0,no
0,no
0,no
0,no
0,no
0,no
0,no
0,no
0,no
0,no
0,no
0,no
0,no
0,no
0,no
0,no
0,no
0,no
0,no
0,no
0,no
0,no
0,no
0,no
0,no
0,no
0,no
0,no
0,no
0,no
0,no
0,no
0,no
0,no
0,no
0,no
0,no
0,no
0,no
0,no
0,no
0,no
0,no
0,no
0,no
0,no
0,no
0,no
0,no
0,no
0,no
0,no
0,no
0,no
0,no
0,no
0,no
0,no
0,no
0,no
0,no
0,no
0,no
0,no
0,no
0,no
0,no
0,no
0,no
0,no
0,no
0,no
0,no
0,no
0,no
0,no
0,no
0,no
0,no
0,no
0,no
0,no
0,no
0,no
0,no
0,no
0,no
0,no
0,no
0,no
0,no
0,no
0,no
0,no
0,no
742,--
0,no
0,no
0,no
602,--
0,no
0,no
743,--
0,no
0,no
0,no
347,+-
185,-+
0,no
1137,--
39,+-
0,no
114,+-
96,-+
0,no
133,--
0,no
756,+-
114,-+
0,no
0,no
47,++
0,no
0,no
19,-+
0,no
0,no
0,no
0,no
0,no
0,no
0,no
0,no
0,no
0,no
0,no
0,no
0,no
0,no
0,no
0,no
0,no
233,+-
257,-+
30,-+
0,no
99,-+
803,++
0,no
896,++
258,-+
0,no
0,no
0,no
319,--
0,no
0,no
0,no
0,no
0,no
0,no
0,no
0,no
43,--
0,no
0,no
594,--
0,no
0,no
269,++
0,no
0,no
150,+-
0,no
0,no
0,no
0,no
0,no
0,no
0,no
0,no
0,no
0,no
1530,--
163,-+
41,--
0,no
0,no
0,no
163,++
481,++
0,no
0,no
71,--
0,no
0,no
625,-+
0,no
0,no
187,-+
366,+-
0,no
0,no
412,+-
337,--
0,no
28,++
0,no
226,-+
125,--
0,no
0,no
0,no
0,no
363,-+
0,no
0,no
53,-+
0,no
0,no
76,+-
0,no
1367,++
53,-+
323,--
0,no
98,-+
359,--
0,no
666,-+
0,no
0,no
0,no
3135,--
0,no
0,no
0,no
0,no
0,no
0,no
0,no
0,no
633,++
153,--
0,no
378,-+
0,no
83,-+
0,no
0,no
0,no
0,no
0,no
0,no
0,no
0,no
0,no
274,--
867,++
0,no
143,+-
0,no
188,++
53,++
0,no
53,++
242,--
215,--
0,no
159,+-
455,-+
38,--
0,no
137,++
626,-+
0,no
425,++
0,no
0,no
519,+-
37,--
0,no
258,--
0,no
202,+-
0,no
549,-+
0,no
0,no
0,no
0,no
0,no
111,-+
753,-+
0,no
432,++
0,no
1237,++
338,+-
0,no
0,no
0,no
0,no
0,no
93,-+
0,no
165,+-
152,++
0,no
1338,--
0,no
0,no
122,++
1000,++
0,no
0,no
568,++
153,+-
0,no
0,no
0,no
201,--
0,no
663,++
0,no
0,no
0,no
73,--
1345,+-
0,no
0,no
0,no
0,no
0,no
355,-+
0,no
0,no
0,no
0,no
0,no
0,no
0,no
0,no
0,no
0,no
0,no
0,no
0,no
0,no
0,no
0,no
0,no
0,no
0,no
0,no
0,no
0,no
0,no
0,no
0,no
0,no
0,no
0,no
0,no
0,no
0,no
0,no
0,no
0,no
0,no
0,no
0,no
0,no
0,no
0,no
0,no
0,no
0,no
0,no
0,no
0,no
0,no
0,no
0,no
0,no
0,no
0,no
0,no
0,no
0,no
0,no
0,no
0,no
0,no
0,no
0,no
0,no
0,no
0,no
0,no
0,no
0,no
0,no
0,no
0,no
0,no
0,no
0,no
0,no
0,no
0,no
0,no
0,no
0,no
0,no
0,no
0,no
0,no
0,no
0,no
0,no
0,no
0,no
0,no
0,no
0,no
0,no
0,no
0,no
0,no
0,no
0,no
0,no
0,no
0,no
0,no
0,no
0,no
0,no
0,no
0,no
0,no
0,no
0,no
0,no
0,no
0,no
0,no
0,no
0,no
0,no
0,no
0,no
0,no
0,no
0,no
0,no
0,no
0,no
0,no
0,no
0,no
0,no
0,no
0,no
0,no
0,no
0,no
0,no
0,no
0,no
0,no
0,no
0,no
0,no
0,no
0,no
0,no
0,no
0,no
0,no
0,no
0,no
0,no
0,no
0,no
0,no
0,no
0,no
0,no
0,no
0,no
0,no
0,no
0,no
0,no
0,no
0,no
0,no
0,no
0,no
0,no
0,no
0,no
0,no
0,no
0,no
0,no
0,no
0,no
0,no
0,no
0,no
0,no
0,no
0,no
0,no
0,no
0,no
0,no
0,no
0,no
0,no
0,no
0,no
0,no
0,no
0,no
0,no
0,no
0,no
0,no
0,no
0,no
0,no
0,no
0,no
0,no
0,no
0,no
0,no
0,no
0,no
0,no
0,no
0,no
0,no
0,no
0,no
0,no
0,no
0,no
0,no
0,no
0,no
0,no
0,no
0,no
0,no
0,no
0,no
0,no
0,no
0,no
0,no
0,no
0,no
0,no
0,no
0,no
0,no
0,no
0,no
0,no
0,no
0,no
0,no
0,no
0,no
0,no
0,no
0,no
0,no
0,no
0,no
0,no
0,no
0,no
0,no
0,no
0,no
0,no
0,no
0,no
0,no
0,no
0,no
0,no
0,no
0,no
0,no
0,no
0,no
0,no
0,no
0,no
0,no
0,no
0,no
0,no
0,no
0,no
0,no
0,no
0,no
0,no
0,no
0,no
0,no
0,no
0,no
0,no
0,no
0,no
0,no
0,no
0,no
0,no
0,no
0,no
0,no
0,no
0,no
0,no
0,no
0,no
0,no
0,no
0,no
0,no
0,no
0,no
0,no
0,no
0,no
0,no
0,no
0,no
0,no
0,no
0,no
0,no
0,no
0,no
0,no
0,no
0,no
0,no
0,no
0,no
0,no
0,no
0,no
0,no
0,no
0,no
0,no
0,no
0,no
0,no
0,no
0,no
0,no
0,no
0,no
0,no
0,no
0,no
0,no
0,no
0,no
0,no
0,no
0,no
0,no
0,no
0,no
0,no
0,no
0,no
0,no
0,no
0,no
0,no
0,no
0,no
0,no
0,no
0,no
0,no
0,no
0,no
0,no
0,no
0,no
0,no
0,no
0,no
0,no
0,no
0,no
0,no
0,no
0,no
0,no
0,no
0,no
0,no
0,no
0,no
0,no
0,no
0,no
0,no
0,no
0,no
0,no
0,no
0,no
0,no
0,no
0,no
0,no
0,no
0,no
0,no
0,no
0,no
0,no
0,no
0,no
0,no
0,no
0,no
0,no
0,no
0,no
0,no
0,no
0,no
0,no
0,no
0,no
0,no
0,no
0,no
0,no
0,no
0,no
0,no
0,no
0,no
0,no
0,no
0,no
0,no
0,no
0,no
0,no
0,no
0,no
0,no
0,no
0,no
0,no
0,no
0,no
0,no
0,no
0,no
0,no
0,no
0,no
0,no
0,no
0,no
0,no
0,no
0,no
0,no
0,no
0,no
0,no
0,no
1642,--
169,-+
0,no
0,no
0,no
0,no
328,++
0,no
0,no
0,no
272,+-
0,no
0,no
1181,-+
0,no
0,no
562,++
0,no
0,no
0,no
0,no
198,++
0,no
293,++
0,no
0,no
0,no
0,no
621,+-
165,--
138,-+
0,no
170,-+
0,no
0,no
0,no
0,no
158,-+
0,no
145,-+
78,--
0,no
0,no
31,+-
140,+-
0,no
0,no
79,--
0,no
0,no
0,no
0,no
408,++
0,no
68,+-
82,-+
505,+-
79,-+
0,no
107,-+
439,+-
0,no
0,no
713,--
99,+-
0,no
227,++
885,-+
0,no
0,no
476,+-
0,no
0,no
331,++
0,no
0,no
0,no
0,no
860,+-
0,no
0,no
0,no
1096,-+
0,no
0,no
194,-+
0,no
0,no
0,no
56,++
570,++
731,++
0,no
0,no
0,no
0,no
0,no
0,no
0,no
41,+-
286,--
0,no
0,no
89,+-
0,no
0,no
0,no
415,-+
0,no
0,no
0,no
0,no
0,no
233,+-
97,-+
181,-+
0,no
0,no
0,no
849,--
228,+-
0,no
320,+-
570,+-
0,no
0,no
328,-+
0,no
0,no
978,++
425,--
402,-+
154,++
0,no
688,--
200,+-
0,no
241,--
0,no
0,no
74,-+
922,+-
0,no
292,++
0,no
165,--
0,no
0,no
159,++
0,no
0,no
0,no
0,no
0,no
978,-+
0,no
279,+-
0,no
0,no
0,no
50,+-
99,++
336,--
0,no
382,--
805,--
0,no
401,++
0,no
0,no
769,-+
1103,+-
0,no
620,--
0,no
0,no
170,--
1158,+-
0,no
171,--
0,no
0,no
0,no
0,no
0,no
303,--
0,no
0,no
75,-+
0,no
88,-+
0,no
0,no
0,no
0,no
142,-+
32,+-
48,-+
87,--
183,--
432,-+
722,+-
0,no
565,--
84,-+
197,--
136,-+
809,-+
0,no
0,no
498,+-
402,--
0,no
271,++
26,--
0,no
1016,++
0,no
1361,+-
82,--
0,no
0,no
0,no
0,no
0,no
212,++
94,--
0,no
1473,++
0,no
204,--
0,no
0,no
0,no
28,+-
162,++
0,no
0,no
0,no
0,no
0,no
0,no
0,no
0,no
142,++
0,no
947,--
136,-+
854,--
572,++
0,no
0,no
73,-+
0,no
49,+-
47,++
0,no
306,+-
93,+-
440,-+
0,no
0,no
0,no
0,no
0,no
0,no
0,no
771,+-
0,no
91,-+
935,-+
103,++
0,no
0,no
171,+-
0,no
0,no
383,++
496,-+
0,no
161,--
612,++
119,++
78,--
0,no
0,no
96,+-
1676,-+
0,no
0,no
0,no
146,--
720,+-
109,+-
0,no
0,no
0,no
0,no
0,no
0,no
0,no
0,no
0,no
0,no
0,no
0,no
0,no
0,no
0,no
0,no
0,no
0,no
0,no
0,no
0,no
0,no
0,no
0,no
0,no
0,no
0,no
0,no
0,no
0,no
0,no
0,no
0,no
0,no
0,no
0,no
0,no
0,no
0,no
0,no
0,no
0,no
0,no
0,no
0,no
0,no
0,no
0,no
0,no
0,no
0,no
0,no
0,no
0,no
0,no
0,no
0,no
0,no
0,no
0,no
0,no
0,no
0,no
0,no
0,no
0,no
0,no
0,no
0,no
0,no
0,no
0,no
0,no
0,no
0,no
0,no
0,no
0,no
0,no
0,no
0,no
0,no
0,no
0,no
0,no
0,no
0,no
0,no
0,no
0,no
0,no
0,no
0,no
0,no
0,no
0,no
0,no
0,no
0,no
0,no
0,no
0,no
0,no
0,no
0,no
0,no
0,no
0,no
0,no
0,no
0,no
0,no
0,no
0,no
0,no
0,no
0,no
0,no
0,no
0,no
0,no
0,no
0,no
0,no
0,no
0,no
0,no
0,no
0,no
0,no
0,no
0,no
0,no
0,no
0,no
0,no
0,no
0,no
0,no
0,no
0,no
0,no
0,no
0,no
0,no
0,no
0,no
0,no
0,no
0,no
0,no
0,no
0,no
0,no
0,no
0,no
0,no
0,no
0,no
0,no
0,no
0,no
0,no
0,no
0,no
0,no
0,no
0,no
0,no
0,no
0,no
0,no
0,no
0,no
0,no
0,no
0,no
0,no
0,no
0,no
0,no
0,no
0,no
0,no
0,no
0,no
0,no
0,no
0,no
0,no
0,no
0,no
0,no
0,no
0,no
0,no
0,no
0,no
0,no
0,no
0,no
0,no
0,no
0,no
0,no
0,no
0,no
0,no
0,no
0,no
0,no
0,no
0,no
0,no
0,no
0,no
0,no
0,no
0,no
0,no
0,no
0,no
0,no
0,no
0,no
0,no
0,no
0,no
0,no
0,no
0,no
0,no
0,no
0,no
0,no
0,no
0,no
0,no
0,no
0,no
0,no
0,no
0,no
0,no
0,no
0,no
0,no
0,no
0,no
0,no
0,no
0,no
0,no
0,no
0,no
0,no
0,no
0,no
0,no
0,no
0,no
0,no
0,no
0,no
0,no
0,no
0,no
0,no
0,no
0,no
0,no
0,no
0,no
0,no
0,no
0,no
0,no
0,no
0,no
0,no
0,no
0,no
0,no
0,no
0,no
0,no
0,no
0,no
0,no
0,no
0,no
0,no
0,no
0,no
0,no
0,no
0,no
0,no
0,no
0,no
0,no
0,no
0,no
0,no
0,no
0,no
0,no
0,no
0,no
0,no
0,no
0,no
0,no
0,no
0,no
0,no
0,no
0,no
0,no
0,no
0,no
0,no
0,no
0,no
0,no
0,no
0,no
0,no
0,no
0,no
0,no
0,no
0,no
0,no
0,no
0,no
0,no
0,no
0,no
0,no
0,no
0,no
0,no
0,no
0,no
0,no
0,no
0,no
0,no
0,no
0,no
0,no
0,no
0,no
0,no
0,no
0,no
0,no
0,no
0,no
0,no
0,no
0,no
0,no
0,no
0,no
0,no
0,no
0,no
0,no
0,no
0,no
0,no
0,no
0,no
0,no
0,no
0,no
0,no
0,no
0,no
0,no
0,no
0,no
0,no
0,no
0,no
0,no
0,no
0,no
0,no
0,no
0,no
0,no
0,no
0,no
0,no
0,no
0,no
0,no
0,no
0,no
0,no
0,no
0,no
0,no
0,no
0,no
0,no
0,no
0,no
0,no
0,no
0,no
0,no
0,no
0,no
0,no
0,no
0,no
0,no
0,no
0,no
0,no
0,no
0,no
0,no
0,no
0,no
0,no
0,no
0,no
0,no
0,no
0,no
0,no
0,no
0,no
0,no
0,no
0,no
0,no
0,no
0,no
0,no
0,no
0,no
0,no
0,no
0,no
0,no
0,no
0,no
0,no
0,no
0,no
0,no
0,no
0,no
0,no
0,no
0,no
0,no
0,no
0,no
0,no
0,no
0,no
0,no
0,no
0,no
0,no
0,no
0,no
0,no
0,no
0,no
0,no
0,no
0,no
0,no
0,no
0,no
0,no
0,no
0,no
0,no
0,no
0,no
0,no
0,no
0,no
282,--
161,--
0,no
0,no
1408,+-
0,no
0,no
0,no
296,--
236,+-
0,no
0,no
227,--
159,-+
0,no
0,no
71,--
359,++
0,no
0,no
0,no
0,no
0,no
61,++
0,no
0,no
195,+-
1041,+-
0,no
87,+-
0,no
162,--
0,no
943,++
0,no
0,no
1035,++
0,no
0,no
0,no
121,++
99,--
0,no
106,++
0,no
0,no
0,no
318,+-
160,--
0,no
188,-+
148,-+
114,+-
391,-+
0,no
0,no
0,no
0,no
0,no
0,no
0,no
48,+-
346,-+
0,no
0,no
0,no
364,+-
0,no
0,no
0,no
1055,--
0,no
150,--
178,--
270,+-
716,--
31,+-
0,no
0,no
0,no
146,-+
618,-+
264,--
142,--
171,++
0,no
0,no
528,++
0,no
0,no
0,no
182,++
379,-+
0,no
0,no
0,no
0,no
251,-+
0,no
0,no
666,++
0,no
0,no
365,++
0,no
0,no
0,no
39,+-
0,no
0,no
151,+-
0,no
134,++
173,-+
0,no
50,-+
27,+-
0,no
0,no
928,-+
541,-+
104,+-
103,--
199,+-
663,+-
0,no
1309,++
953,--
0,no
80,++
0,no
0,no
0,no
1431,-+
1220,-+
0,no
0,no
0,no
0,no
57,+-
0,no
0,no
121,-+
0,no
0,no
760,+-
0,no
0,no
0,no
0,no
0,no
0,no
158,+-
0,no
58,--
419,-+
181,-+
0,no
326,++
323,-+
0,no
116,++
843,++
255,--
0,no
0,no
0,no
0,no
0,no
304,-+
217,--
0,no
0,no
82,-+
0,no
0,no
410,-+
0,no
0,no
348,-+
533,-+
79,--
168,++
0,no
0,no
197,-+
0,no
353,++
672,+-
734,+-
200,+-
0,no
0,no
0,no
0,no
0,no
289,+-
0,no
0,no
295,++
745,-+
1414,-+
0,no
0,no
55,++
350,++
0,no
153,--
731,--
346,+-
0,no
97,-+
0,no
1160,-+
0,no
0,no
0,no
0,no
0,no
0,no
0,no
0,no
0,no
0,no
0,no
0,no
0,no
0,no
0,no
0,no
0,no
0,no
0,no
0,no
0,no
0,no
0,no
0,no
0,no
0,no
0,no
0,no
0,no
0,no
0,no
0,no
0,no
0,no
0,no
0,no
0,no
0,no
0,no
0,no
0,no
0,no
0,no
0,no
0,no
0,no
0,no
0,no
0,no
0,no
0,no
0,no
0,no
0,no
0,no
0,no
0,no
0,no
0,no
0,no
0,no
0,no
0,no
0,no
0,no
0,no
0,no
0,no
0,no
0,no
0,no
0,no
0,no
0,no
0,no
0,no
0,no
0,no
0,no
0,no
0,no
0,no
0,no
0,no
0,no
0,no
0,no
0,no
0,no
0,no
0,no
0,no
0,no
0,no
0,no
0,no
0,no
0,no
0,no
0,no
0,no
0,no
0,no
0,no
0,no
0,no
0,no
0,no
0,no
0,no
0,no
0,no
0,no
0,no
0,no
0,no
0,no
0,no
0,no
0,no
0,no
0,no
0,no
0,no
0,no
0,no
0,no
0,no
0,no
0,no
0,no
0,no
0,no
0,no
0,no
0,no
0,no
0,no
0,no
0,no
0,no
0,no
0,no
0,no
0,no
0,no
0,no
0,no
0,no
0,no
0,no
0,no
0,no
0,no
0,no
0,no
0,no
0,no
0,no
0,no
0,no
0,no
0,no
0,no
0,no
0,no
0,no
0,no
0,no
0,no
0,no
0,no
0,no
0,no
0,no
0,no
0,no
0,no
0,no
0,no
0,no
0,no
0,no
0,no
0,no
0,no
0,no
0,no
0,no
0,no
0,no
0,no
0,no
0,no
0,no
0,no
0,no
0,no
0,no
0,no
0,no
0,no
0,no
0,no
0,no
0,no
0,no
0,no
0,no
0,no
0,no
0,no
0,no
0,no
0,no
0,no
0,no
0,no
0,no
0,no
0,no
0,no
0,no
0,no
0,no
0,no
0,no
0,no
0,no
0,no
0,no
0,no
0,no
0,no
0,no
0,no
0,no
0,no
0,no
0,no
0,no
0,no
0,no
0,no
0,no
0,no
0,no
0,no
0,no
0,no
0,no
0,no
0,no
0,no
0,no
0,no
0,no
0,no
0,no
0,no
0,no
0,no
0,no
0,no
0,no
0,no
0,no
0,no
0,no
0,no
0,no
0,no
0,no
0,no
0,no
0,no
0,no
0,no
0,no
0,no
0,no
0,no
0,no
0,no
0,no
0,no
0,no
0,no
0,no
0,no
0,no
0,no
0,no
0,no
0,no
0,no
0,no
0,no
0,no
0,no
0,no
0,no
0,no
0,no
0,no
0,no
0,no
0,no
0,no
0,no
0,no
0,no
0,no
0,no
0,no
0,no
0,no
0,no
0,no
0,no
0,no
0,no
0,no
0,no
0,no
0,no
0,no
0,no
0,no
0,no
0,no
0,no
0,no
0,no
0,no
0,no
0,no
0,no
0,no
0,no
0,no
0,no
0,no
0,no
0,no
0,no
0,no
0,no
0,no
0,no
0,no
0,no
0,no
0,no
0,no
0,no
0,no
0,no
0,no
0,no
0,no
0,no
0,no
0,no
0,no
0,no
0,no
0,no
0,no
0,no
0,no
0,no
0,no
0,no
0,no
0,no
0,no
0,no
0,no
0,no
0,no
0,no
0,no
0,no
0,no
0,no
0,no
0,no
0,no
0,no
0,no
0,no
0,no
0,no
0,no
0,no
0,no
0,no
0,no
0,no
0,no
0,no
0,no
0,no
0,no
0,no
0,no
0,no
0,no
0,no
0,no
0,no
0,no
0,no
0,no
899,++
444,-+
0,no
0,no
0,no
0,no
231,+-
272,--
177,-+
0,no
720,+-
0,no
321,-+
592,++
419,--
442,-+
0,no
0,no
0,no
0,no
0,no
287,+-
108,++
0,no
0,no
0,no
0,no
1356,+-
0,no
0,no
54,-+
0,no
631,--
327,--
0,no
0,no
0,no
282,--
0,no
463,--
0,no
893,+-
0,no
0,no
0,no
202,++
105,--
0,no
0,no
0,no
0,no
267,++
0,no
0,no
272,+-
294,++
0,no
68,+-
0,no
0,no
0,no
0,no
0,no
0,no
0,no
0,no
0,no
0,no
0,no
0,no
0,no
186,+-
0,no
0,no
1162,+-
0,no
0,no
0,no
0,no
0,no
0,no
264,--
0,no
168,+-
94,++
0,no
157,--
0,no
51,++
51,++
0,no
325,-+
0,no
1351,+-
0,no
0,no
0,no
45,-+
0,no
163,+-
246,++
0,no
1349,--
259,+-
471,++
0,no
0,no
0,no
413,+-
0,no
100,+-
0,no
0,no
63,+-
160,--
0,no
79,-+
0,no
0,no
0,no
0,no
313,--
0,no
226,+-
0,no
0,no
446,--
0,no
51,-+
0,no
100,-+
0,no
0,no
450,-+
0,no
0,no
0,no
0,no
0,no
0,no
0,no
0,no
0,no
0,no
0,no
0,no
336,--
0,no
0,no
0,no
0,no
857,-+
0,no
58,+-
234,++
699,+-
0,no
0,no
150,-+
0,no
259,+-
0,no
0,no
183,++
141,-+
0,no
153,-+
0,no
0,no
0,no
0,no
0,no
1469,--
325,-+
86,++
0,no
684,++
95,-+
395,-+
0,no
315,-+
0,no
282,+-
0,no
0,no
314,+-
42,+-
0,no
0,no
0,no
129,-+
0,no
433,++
32,+-
379,+-
236,+-
0,no
0,no
0,no
94,--
0,no
0,no
0,no
0,no
69,+-
0,no
0,no
436,-+
134,+-
0,no
363,++
0,no
0,no
34,-+
673,+-
156,-+
156,-+
918,++
211,-+
184,-+
0,no
335,-+
0,no
1085,--
127,-+
0,no
0,no
1000,-+
88,+-
730,+-
339,-+
0,no
0,no
0,no
75,++
0,no
0,no
375,-+
368,-+
292,++
0,no
0,no
0,no
0,no
0,no
898,++
0,no
0,no
608,+-
104,-+
185,++
373,--
0,no
0,no
301,++
197,+-
0,no
0,no
0,no
0,no
77,--
0,no
0,no
0,no
51,--
0,no
268,++
1022,++
203,++
0,no
0,no
0,no
1135,++
29,++
87,+-
0,no
0,no
0,no
65,--
480,-+
51,++
51,++
51,++
198,++
774,--
0,no
515,-+
98,++
278,-+
139,+-
129,--
157,-+
0,no
0,no
77,-+
299,++
0,no
0,no
0,no
61,++
834,++
0,no
0,no
0,no
652,++
0,no
327,++
824,-+
0,no
151,+-
292,--
26,+-
168,++
1115,++
0,no
0,no
1038,-+
437,+-
704,-+
0,no
0,no
0,no
24,+-
773,--
199,--
41,++
87,+-
611,-+
0,no
678,-+
41,+-
116,+-
0,no
648,++
0,no
692,++
193,++
0,no
0,no
0,no
0,no
266,++
0,no
0,no
0,no
0,no
248,+-
0,no
203,--
0,no
441,-+
112,++
154,+-
1394,--
0,no
0,no
0,no
0,no
214,-+
228,++
111,+-
665,--
0,no
0,no
0,no
74,-+
0,no
91,-+
25,++
292,++
576,++
0,no
0,no
160,--
0,no
62,++
0,no
0,no
0,no
0,no
0,no
0,no
0,no
0,no
0,no
0,no
0,no
0,no
0,no
0,no
0,no
0,no
0,no
0,no
0,no
0,no
0,no
0,no
0,no
0,no
0,no
0,no
0,no
0,no
0,no
0,no
0,no
0,no
0,no
0,no
0,no
0,no
0,no
0,no
0,no
0,no
0,no
0,no
0,no
0,no
0,no
0,no
0,no
0,no
0,no
0,no
0,no
0,no
0,no
0,no
0,no
0,no
0,no
0,no
0,no
0,no
0,no
0,no
0,no
0,no
0,no
0,no
0,no
0,no
0,no
0,no
0,no
0,no
0,no
0,no
0,no
0,no
0,no
0,no
0,no
0,no
0,no
0,no
0,no
0,no
0,no
0,no
0,no
0,no
0,no
0,no
0,no
0,no
0,no
0,no
0,no
0,no
0,no
0,no
0,no
0,no
0,no
0,no
0,no
0,no
0,no
0,no
0,no
0,no
0,no
0,no
0,no
0,no
0,no
0,no
0,no
0,no
0,no
0,no
0,no
0,no
0,no
0,no
0,no
0,no
0,no
0,no
0,no
0,no
0,no
0,no
0,no
0,no
0,no
0,no
0,no
0,no
0,no
0,no
0,no
0,no
0,no
0,no
0,no
0,no
0,no
0,no
0,no
0,no
0,no
0,no
0,no
0,no
0,no
0,no
0,no
0,no
0,no
0,no
0,no
0,no
0,no
0,no
0,no
0,no
0,no
0,no
0,no
0,no
0,no
0,no
0,no
0,no
0,no
0,no
0,no
0,no
0,no
0,no
0,no
0,no
0,no
0,no
0,no
0,no
0,no
0,no
0,no
0,no
0,no
0,no
0,no
0,no
0,no
0,no
0,no
0,no
0,no
0,no
0,no
0,no
0,no
0,no
0,no
0,no
0,no
0,no
0,no
0,no
0,no
0,no
0,no
0,no
0,no
0,no
0,no
0,no
0,no
0,no
0,no
0,no
0,no
0,no
0,no
0,no
0,no
0,no
0,no
0,no
0,no
0,no
0,no
0,no
0,no
0,no
0,no
0,no
0,no
0,no
0,no
0,no
0,no
0,no
0,no
0,no
0,no
0,no
0,no
0,no
0,no
0,no
0,no
0,no
0,no
0,no
0,no
0,no
0,no
0,no
0,no
0,no
0,no
0,no
0,no
0,no
0,no
0,no
0,no
0,no
0,no
0,no
0,no
0,no
0,no
0,no
0,no
0,no
0,no
0,no
0,no
0,no
0,no
0,no
0,no
0,no
0,no
0,no
0,no
0,no
0,no
0,no
0,no
0,no
0,no
0,no
0,no
0,no
0,no
0,no
0,no
0,no
0,no
0,no
0,no
0,no
0,no
0,no
0,no
0,no
0,no
0,no
0,no
0,no
0,no
0,no
0,no
0,no
0,no
0,no
0,no
0,no
0,no
0,no
0,no
0,no
0,no
0,no
0,no
0,no
0,no
0,no
0,no
0,no
0,no
0,no
0,no
0,no
0,no
0,no
0,no
0,no
0,no
0,no
0,no
0,no
0,no
0,no
0,no
0,no
0,no
0,no
0,no
0,no
0,no
0,no
0,no
0,no
0,no
0,no
0,no
0,no
0,no
0,no
0,no
0,no
0,no
0,no
0,no
0,no
0,no
0,no
0,no
0,no
0,no
0,no
0,no
0,no
0,no
0,no
0,no
0,no
0,no
0,no
0,no
0,no
0,no
0,no
0,no
0,no
0,no
0,no
0,no
0,no
0,no
0,no
0,no
0,no
0,no
0,no
0,no
0,no
0,no
0,no
0,no
0,no
0,no
0,no
0,no
0,no
0,no
0,no
0,no
0,no
0,no
0,no
0,no
0,no
0,no
0,no
0,no
0,no
0,no
0,no
0,no
0,no
0,no
0,no
0,no
0,no
0,no
0,no
0,no
0,no
0,no
0,no
0,no
0,no
0,no
0,no
0,no
0,no
0,no
0,no
0,no
0,no
0,no
0,no
0,no
0,no
0,no
0,no
0,no
0,no
0,no
0,no
0,no
0,no
0,no
0,no
0,no
0,no
0,no
0,no
0,no
0,no
0,no
0,no
0,no
0,no
0,no
0,no
0,no
0,no
0,no
0,no
0,no
0,no
0,no
0,no
0,no
0,no
0,no
0,no
0,no
0,no
0,no
0,no
0,no
0,no
0,no
0,no
0,no
0,no
0,no
0,no
0,no
0,no
0,no
0,no
0,no
0,no
0,no
0,no
0,no
0,no
0,no
0,no
0,no
0,no
0,no
0,no
0,no
0,no
0,no
0,no
0,no
0,no
0,no
0,no
0,no
0,no
0,no
0,no
0,no
0,no
0,no
0,no
0,no
0,no
0,no
0,no
0,no
0,no
0,no
0,no
0,no
0,no
0,no
0,no
0,no
0,no
0,no
0,no
0,no
0,no
0,no
0,no
0,no
0,no
0,no
0,no
0,no
0,no
0,no
0,no
0,no
0,no
0,no
0,no
0,no
0,no
0,no
0,no
0,no
0,no
0,no
0,no
0,no
0,no
0,no
0,no
0,no
0,no
0,no
0,no
0,no
0,no
0,no
0,no
0,no
0,no
0,no
0,no
0,no
0,no
0,no
0,no
0,no
0,no
0,no
0,no
0,no
0,no
0,no
0,no
0,no
0,no
0,no
0,no
0,no
0,no
0,no
0,no
0,no
0,no
0,no
0,no
0,no
0,no
0,no
0,no
334,+-
0,no
0,no
0,no
52,--
0,no
0,no
594,+-
789,-+
0,no
0,no
0,no
79,+-
99,-+
0,no
459,++
0,no
0,no
0,no
0,no
0,no
0,no
0,no
0,no
0,no
0,no
165,++
311,++
0,no
0,no
0,no
0,no
0,no
0,no
0,no
0,no
0,no
0,no
533,-+
71,+-
0,no
84,+-
89,-+
0,no
0,no
0,no
1124,++
502,-+
0,no
0,no
0,no
0,no
0,no
0,no
0,no
0,no
76,-+
0,no
0,no
0,no
0,no
0,no
0,no
450,+-
0,no
175,--
0,no
1121,-+
400,++
0,no
179,++
0,no
0,no
161,-+
168,+-
0,no
0,no
33,++
0,no
0,no
218,+-
0,no
0,no
0,no
0,no
885,-+
0,no
832,++
0,no
0,no
0,no
0,no
0,no
0,no
169,--
0,no
0,no
273,+-
0,no
0,no
135,+-
0,no
1173,++
170,--
113,--
1319,++
0,no
303,+-
0,no
335,+-
0,no
1643,+-
0,no
0,no
0,no
24,-+
41,--
0,no
0,no
0,no
0,no
0,no
0,no
0,no
104,-+
246,--
154,++
0,no
937,+-
0,no
122,+-
0,no
0,no
0,no
370,+-
54,-+
0,no
0,no
166,-+
0,no
0,no
0,no
0,no
0,no
0,no
0,no
409,--
0,no
0,no
0,no
169,+-
0,no
0,no
175,--
871,-+
52,++
0,no
0,no
149,+-
247,++
44,+-
347,++
0,no
370,-+
0,no
563,+-
0,no
821,-+
226,-+
0,no
0,no
0,no
0,no
0,no
0,no
0,no
0,no
0,no
0,no
0,no
0,no
0,no
0,no
0,no
0,no
0,no
0,no
0,no
0,no
0,no
0,no
0,no
0,no
0,no
0,no
0,no
0,no
0,no
0,no
0,no
0,no
0,no
0,no
0,no
0,no
0,no
0,no
0,no
0,no
0,no
0,no
0,no
0,no
0,no
0,no
0,no
0,no
0,no
0,no
0,no
0,no
0,no
0,no
0,no
0,no
0,no
0,no
0,no
0,no
0,no
0,no
0,no
0,no
0,no
0,no
0,no
0,no
0,no
0,no
0,no
0,no
0,no
0,no
0,no
0,no
0,no
0,no
0,no
0,no
0,no
0,no
0,no
0,no
0,no
0,no
0,no
0,no
0,no
0,no
0,no
0,no
0,no
0,no
0,no
0,no
0,no
0,no
0,no
0,no
0,no
0,no
0,no
0,no
0,no
0,no
0,no
0,no
0,no
0,no
0,no
0,no
0,no
0,no
0,no
0,no
0,no
0,no
0,no
0,no
0,no
0,no
0,no
0,no
0,no
0,no
0,no
0,no
0,no
0,no
0,no
0,no
0,no
0,no
0,no
0,no
0,no
0,no
0,no
0,no
0,no
0,no
0,no
0,no
0,no
0,no
0,no
0,no
0,no
0,no
0,no
0,no
0,no
0,no
0,no
0,no
0,no
0,no
0,no
0,no
0,no
0,no
0,no
0,no
0,no
0,no
0,no
0,no
0,no
0,no
0,no
0,no
0,no
0,no
0,no
0,no
0,no
0,no
0,no
0,no
0,no
0,no
0,no
0,no
0,no
0,no
0,no
0,no
0,no
0,no
0,no
0,no
0,no
0,no
0,no
0,no
0,no
0,no
0,no
0,no
0,no
0,no
0,no
0,no
0,no
0,no
0,no
0,no
0,no
0,no
0,no
0,no
0,no
0,no
0,no
0,no
0,no
0,no
0,no
0,no
0,no
0,no
0,no
0,no
0,no
0,no
0,no
0,no
0,no
0,no
0,no
0,no
0,no
0,no
0,no
0,no
0,no
0,no
0,no
0,no
0,no
0,no
0,no
0,no
0,no
0,no
0,no
0,no
0,no
0,no
0,no
0,no
0,no
0,no
0,no
0,no
0,no
0,no
0,no
0,no
0,no
0,no
0,no
0,no
0,no
0,no
0,no
0,no
0,no
0,no
0,no
0,no
0,no
0,no
0,no
0,no
0,no
0,no
0,no
0,no
0,no
0,no
0,no
0,no
0,no
0,no
0,no
0,no
0,no
0,no
0,no
0,no
0,no
0,no
0,no
0,no
0,no
0,no
0,no
0,no
0,no
0,no
0,no
0,no
0,no
0,no
0,no
0,no
0,no
0,no
0,no
0,no
0,no
0,no
0,no
0,no
0,no
0,no
0,no
0,no
0,no
0,no
0,no
0,no
0,no
0,no
0,no
0,no
0,no
0,no
0,no
0,no
0,no
0,no
0,no
0,no
0,no
0,no
0,no
1211,-+
176,+-
0,no
0,no
83,++
870,++
0,no
0,no
0,no
557,++
0,no
0,no
208,+-
0,no
0,no
0,no
0,no
0,no
1387,-+
0,no
151,--
0,no
0,no
36,+-
0,no
0,no
0,no
0,no
259,+-
206,--
0,no
53,--
0,no
0,no
493,+-
0,no
0,no
0,no
0,no
0,no
300,++
0,no
539,--
0,no
77,--
0,no
0,no
373,--
0,no
355,+-
0,no
249,--
0,no
0,no
0,no
881,-+
0,no
0,no
210,--
82,+-
86,--
0,no
0,no
0,no
0,no
0,no
117,++
0,no
0,no
154,-+
0,no
0,no
0,no
0,no
0,no
0,no
0,no
936,++
41,+-
0,no
691,++
463,--
0,no
451,+-
691,--
0,no
181,+-
209,-+
2893,--
0,no
515,--
164,-+
46,-+
0,no
0,no
175,++
0,no
0,no
227,-+
0,no
0,no
0,no
0,no
1215,+-
0,no
59,++
0,no
717,-+
0,no
600,--
0,no
0,no
0,no
0,no
0,no
65,++
0,no
0,no
0,no
0,no
0,no
0,no
583,++
111,--
0,no
0,no
0,no
0,no
0,no
0,no
0,no
0,no
0,no
521,--
1070,--
0,no
89,++
0,no
772,--
0,no
73,--
714,+-
437,++
0,no
0,no
0,no
0,no
727,+-
0,no
0,no
0,no
0,no
0,no
83,+-
127,-+
608,--
75,++
106,-+
1245,-+
0,no
279,--
337,++
682,++
0,no
0,no
213,+-
0,no
0,no
574,+-
0,no
530,-+
105,+-
0,no
0,no
32,++
351,+-
0,no
0,no
748,--
471,-+
321,+-
0,no
0,no
1105,--
56,++
0,no
412,+-
202,++
0,no
0,no
0,no
0,no
0,no
0,no
0,no
0,no
147,++
56,-+
558,--
54,++
0,no
51,-+
0,no
739,++
0,no
0,no
107,--
178,++
84,-+
681,++
1256,-+
1693,-+
71,+-
381,++
0,no
77,-+
0,no
388,+-
0,no
0,no
0,no
0,no
0,no
0,no
0,no
0,no
0,no
77,++
0,no
66,--
717,++
775,+-
71,-+
0,no
0,no
221,-+
0,no
0,no
157,--
0,no
180,+-
43,-+
157,-+
0,no
96,-+
1135,--
0,no
0,no
0,no
0,no
0,no
0,no
0,no
0,no
0,no
0,no
0,no
0,no
0,no
0,no
0,no
0,no
0,no
0,no
0,no
0,no
0,no
0,no
0,no
0,no
0,no
0,no
0,no
0,no
0,no
0,no
0,no
0,no
0,no
0,no
0,no
0,no
0,no
0,no
0,no
0,no
0,no
0,no
0,no
0,no
0,no
0,no
0,no
0,no
0,no
0,no
0,no
0,no
0,no
0,no
0,no
0,no
0,no
0,no
0,no
0,no
0,no
0,no
0,no
0,no
0,no
0,no
0,no
0,no
0,no
0,no
0,no
0,no
0,no
0,no
0,no
0,no
0,no
0,no
0,no
0,no
0,no
0,no
0,no
0,no
0,no
0,no
0,no
0,no
0,no
0,no
0,no
0,no
0,no
0,no
0,no
0,no
0,no
0,no
0,no
0,no
0,no
0,no
0,no
0,no
0,no
0,no
0,no
0,no
0,no
0,no
0,no
0,no
0,no
0,no
0,no
0,no
0,no
0,no
0,no
0,no
0,no
0,no
0,no
0,no
0,no
0,no
0,no
0,no
0,no
0,no
0,no
0,no
0,no
0,no
0,no
0,no
0,no
0,no
0,no
0,no
0,no
0,no
0,no
0,no
0,no
0,no
0,no
0,no
0,no
0,no
0,no
0,no
0,no
0,no
0,no
0,no
0,no
0,no
0,no
0,no
0,no
0,no
0,no
0,no
0,no
0,no
0,no
0,no
0,no
0,no
0,no
0,no
0,no
0,no
0,no
0,no
0,no
0,no
0,no
0,no
0,no
0,no
0,no
0,no
0,no
0,no
0,no
0,no
0,no
0,no
0,no
0,no
0,no
0,no
0,no
0,no
0,no
0,no
0,no
0,no
0,no
0,no
0,no
0,no
0,no
0,no
0,no
0,no
0,no
0,no
0,no
0,no
0,no
0,no
0,no
0,no
0,no
0,no
0,no
0,no
0,no
0,no
0,no
0,no
0,no
0,no
0,no
0,no
0,no
0,no
0,no
0,no
0,no
0,no
0,no
0,no
0,no
0,no
0,no
0,no
0,no
0,no
0,no
0,no
0,no
0,no
0,no
0,no
0,no
0,no
0,no
0,no
0,no
0,no
0,no
0,no
0,no
0,no
0,no
0,no
0,no
0,no
0,no
0,no
0,no
0,no
0,no
0,no
0,no
0,no
0,no
0,no
0,no
0,no
0,no
0,no
0,no
0,no
0,no
0,no
0,no
0,no
0,no
0,no
0,no
0,no
0,no
0,no
0,no
0,no
0,no
0,no
0,no
0,no
0,no
0,no
0,no
0,no
0,no
0,no
0,no
0,no
0,no
0,no
0,no
0,no
0,no
0,no
0,no
0,no
0,no
0,no
0,no
0,no
0,no
0,no
0,no
0,no
0,no
0,no
0,no
0,no
0,no
0,no
0,no
0,no
0,no
0,no
0,no
0,no
0,no
0,no
0,no
0,no
0,no
0,no
0,no
0,no
0,no
0,no
0,no
0,no
0,no
0,no
0,no
0,no
0,no
0,no
0,no
0,no
0,no
0,no
0,no
0,no
0,no
0,no
0,no
0,no
0,no
0,no
0,no
0,no
0,no
0,no
0,no
0,no
0,no
0,no
0,no
85,++
187,++
730,++
0,no
0,no
0,no
0,no
31,+-
0,no
0,no
368,--
0,no
0,no
1752,++
835,--
0,no
0,no
0,no
0,no
384,-+
0,no
483,-+
0,no
712,+-
0,no
0,no
564,--
87,++
200,+-
0,no
102,--
0,no
79,++
0,no
1111,+-
0,no
0,no
0,no
98,++
0,no
53,-+
0,no
137,--
0,no
0,no
142,-+
0,no
0,no
0,no
463,-+
306,-+
0,no
0,no
238,++
399,++
0,no
193,+-
177,+-
710,++
0,no
0,no
236,-+
447,++
63,--
0,no
78,-+
70,++
48,--
400,--
194,--
0,no
450,--
0,no
0,no
0,no
0,no
0,no
0,no
0,no
70,+-
0,no
169,++
0,no
0,no
0,no
0,no
199,-+
0,no
0,no
252,--
364,++
0,no
148,+-
0,no
0,no
214,-+
0,no
196,-+
0,no
0,no
0,no
692,+-
0,no
265,--
0,no
0,no
0,no
524,--
0,no
0,no
251,--
1843,--
0,no
211,++
85,++
0,no
0,no
0,no
0,no
0,no
0,no
0,no
0,no
0,no
0,no
0,no
0,no
0,no
320,+-
181,--
0,no
0,no
0,no
0,no
0,no
0,no
0,no
0,no
391,--
0,no
0,no
0,no
0,no
260,+-
0,no
115,--
0,no
1371,+-
0,no
526,-+
0,no
0,no
0,no
0,no
0,no
0,no
0,no
348,--
0,no
0,no
0,no
739,-+
0,no
0,no
0,no
0,no
0,no
0,no
173,+-
143,--
116,--
0,no
326,+-
395,--
166,--
0,no
35,++
0,no
57,-+
0,no
65,--
0,no
0,no
0,no
1311,+-
0,no
0,no
0,no
0,no
0,no
0,no
0,no
1215,--
0,no
1047,+-
0,no
0,no
0,no
0,no
25,+-
436,+-
131,--
0,no
101,--
210,++
0,no
344,--
452,--
0,no
0,no
0,no
93,--
0,no
0,no
28,+-
314,-+
0,no
0,no
281,++
257,++
0,no
0,no
0,no
0,no
0,no
0,no
565,++
0,no
0,no
0,no
0,no
0,no
212,+-
406,-+
0,no
0,no
0,no
0,no
373,+-
77,--
0,no
347,-+
0,no
136,+-
919,--
0,no
0,no
53,-+
0,no
320,++
0,no
508,+-
0,no
0,no
145,++
31,--
0,no
0,no
289,++
0,no
0,no
219,-+
0,no
96,--
0,no
0,no
0,no
47,--
1565,+-
35,+-
0,no
0,no
0,no
94,--
0,no
671,++
0,no
63,--
430,+-
0,no
0,no
187,++
0,no
68,--
0,no
0,no
0,no
64,-+
0,no
26,-+
0,no
1202,+-
0,no
0,no
0,no
0,no
236,--
0,no
28,+-
0,no
0,no
0,no
182,--
0,no
0,no
514,-+
154,++
175,++
0,no
0,no
170,-+
0,no
0,no
67,+-
571,++
1651,+-
0,no
262,++
0,no
904,++
474,-+
0,no
97,+-
0,no
234,++
0,no
0,no
0,no
79,++
205,--
0,no
91,-+
0,no
74,-+
746,+-
0,no
414,++
479,+-
31,-+
91,--
61,-+
0,no
29,-+
0,no
417,++
491,-+
0,no
0,no
0,no
146,+-
0,no
0,no
0,no
378,-+
0,no
43,+-
805,+-
1154,+-
0,no
0,no
0,no
473,-+
168,-+
0,no
0,no
0,no
1252,+-
456,--
0,no
0,no
0,no
191,+-
673,-+
0,no
0,no
539,++
42,-+
0,no
0,no
491,-+
0,no
0,no
165,++
0,no
42,-+
491,++
179,--
36,-+
724,++
0,no
0,no
82,--
102,--
0,no
0,no
269,+-
66,-+
241,++
0,no
595,+-
817,+-
0,no
0,no
267,-+
0,no
0,no
0,no
248,++
0,no
0,no
287,--
0,no
0,no
0,no
148,+-
0,no
0,no
498,-+
0,no
0,no
0,no
74,--
0,no
0,no
468,++
0,no
0,no
0,no
0,no
1102,+-
0,no
0,no
0,no
0,no
0,no
42,--
0,no
0,no
0,no
0,no
0,no
0,no
284,+-
0,no
0,no
674,+-
0,no
0,no
123,+-
0,no
0,no
91,+-
594,--
42,+-
0,no
0,no
0,no
62,+-
137,-+
534,++
44,-+
330,+-
0,no
0,no
65,--
79,--
458,-+
44,-+
0,no
0,no
0,no
0,no
0,no
0,no
0,no
0,no
1588,--
0,no
0,no
0,no
1162,++
0,no
531,-+
0,no
0,no
0,no
0,no
0,no
0,no
0,no
231,--
0,no
214,++
0,no
0,no
0,no
407,--
0,no
0,no
0,no
490,++
0,no
57,+-
57,++
461,-+
408,--
0,no
105,++
0,no
0,no
52,-+
0,no
282,+-
0,no
0,no
0,no
292,--
219,+-
0,no
247,--
144,--
152,--
0,no
0,no
0,no
0,no
0,no
0,no
0,no
0,no
0,no
0,no
0,no
0,no
0,no
0,no
0,no
0,no
0,no
0,no
0,no
0,no
0,no
0,no
0,no
0,no
0,no
0,no
0,no
0,no
0,no
0,no
0,no
0,no
0,no
0,no
0,no
0,no
0,no
0,no
0,no
0,no
0,no
0,no
0,no
0,no
0,no
0,no
0,no
0,no
0,no
0,no
0,no
0,no
0,no
0,no
0,no
0,no
0,no
0,no
0,no
0,no
0,no
0,no
0,no
0,no
0,no
0,no
0,no
0,no
0,no
0,no
0,no
0,no
0,no
0,no
0,no
0,no
0,no
0,no
0,no
0,no
0,no
0,no
0,no
0,no
0,no
0,no
0,no
0,no
0,no
0,no
0,no
0,no
0,no
0,no
0,no
0,no
0,no
0,no
0,no
0,no
0,no
0,no
0,no
0,no
0,no
0,no
0,no
0,no
0,no
0,no
0,no
0,no
0,no
0,no
0,no
0,no
0,no
0,no
0,no
0,no
0,no
0,no
0,no
0,no
0,no
0,no
0,no
0,no
0,no
0,no
0,no
0,no
0,no
0,no
0,no
0,no
0,no
0,no
0,no
0,no
0,no
0,no
0,no
0,no
0,no
0,no
0,no
0,no
0,no
0,no
0,no
0,no
0,no
0,no
0,no
0,no
0,no
0,no
0,no
0,no
0,no
0,no
0,no
0,no
0,no
0,no
0,no
0,no
0,no
0,no
0,no
0,no
0,no
0,no
0,no
0,no
0,no
0,no
0,no
0,no
0,no
0,no
0,no
0,no
0,no
0,no
0,no
0,no
0,no
0,no
0,no
0,no
0,no
0,no
0,no
0,no
0,no
0,no
0,no
0,no
0,no
0,no
0,no
0,no
0,no
0,no
0,no
0,no
0,no
0,no
0,no
0,no
0,no
0,no
0,no
0,no
0,no
0,no
0,no
0,no
0,no
0,no
0,no
0,no
0,no
0,no
0,no
0,no
0,no
0,no
0,no
0,no
0,no
0,no
0,no
0,no
0,no
0,no
0,no
0,no
0,no
0,no
0,no
0,no
0,no
0,no
0,no
0,no
0,no
0,no
0,no
0,no
0,no
0,no
0,no
0,no
0,no
0,no
0,no
0,no
0,no
0,no
0,no
0,no
0,no
0,no
0,no
0,no
0,no
0,no
0,no
0,no
0,no
0,no
0,no
0,no
0,no
0,no
0,no
0,no
0,no
0,no
0,no
0,no
0,no
0,no
0,no
0,no
0,no
0,no
0,no
0,no
0,no
0,no
0,no
0,no
0,no
0,no
0,no
0,no
0,no
0,no
0,no
0,no
0,no
0,no
0,no
0,no
0,no
0,no
0,no
0,no
0,no
0,no
0,no
0,no
0,no
0,no
0,no
0,no
0,no
0,no
0,no
0,no
0,no
0,no
0,no
0,no
0,no
0,no
0,no
0,no
0,no
0,no
0,no
0,no
0,no
0,no
0,no
0,no
0,no
0,no
0,no
0,no
0,no
0,no
0,no
0,no
0,no
0,no
0,no
0,no
0,no
0,no
0,no
0,no
0,no
0,no
0,no
0,no
0,no
0,no
0,no
0,no
0,no
0,no
0,no
0,no
0,no
0,no
0,no
0,no
0,no
0,no
0,no
0,no
0,no
0,no
0,no
0,no
0,no
0,no
0,no
0,no
0,no
0,no
0,no
0,no
0,no
0,no
0,no
0,no
0,no
0,no
0,no
0,no
0,no
0,no
0,no
0,no
0,no
0,no
0,no
0,no
0,no
0,no
0,no
0,no
0,no
0,no
0,no
0,no
0,no
0,no
0,no
0,no
0,no
0,no
0,no
0,no
0,no
0,no
0,no
0,no
0,no
0,no
0,no
0,no
0,no
0,no
0,no
0,no
0,no
0,no
0,no
0,no
0,no
0,no
0,no
0,no
0,no
0,no
0,no
0,no
0,no
0,no
0,no
0,no
0,no
0,no
0,no
0,no
0,no
0,no
0,no
0,no
0,no
0,no
0,no
0,no
0,no
0,no
0,no
0,no
0,no
0,no
0,no
0,no
0,no
0,no
0,no
0,no
0,no
0,no
0,no
0,no
0,no
0,no
0,no
0,no
0,no
0,no
0,no
0,no
0,no
0,no
0,no
0,no
0,no
0,no
0,no
0,no
0,no
0,no
0,no
0,no
0,no
0,no
0,no
0,no
0,no
0,no
0,no
0,no
0,no
0,no
0,no
0,no
0,no
0,no
0,no
0,no
0,no
0,no
0,no
0,no
0,no
0,no
0,no
0,no
0,no
0,no
0,no
0,no
0,no
0,no
0,no
0,no
0,no
0,no
0,no
0,no
0,no
0,no
0,no
0,no
0,no
0,no
0,no
0,no
0,no
0,no
0,no
0,no
0,no
0,no
0,no
0,no
0,no
0,no
0,no
0,no
0,no
0,no
0,no
0,no
0,no
0,no
0,no
0,no
0,no
0,no
0,no
0,no
0,no
0,no
0,no
0,no
0,no
0,no
0,no
0,no
0,no
0,no
0,no
0,no
0,no
0,no
0,no
0,no
0,no
0,no
0,no
0,no
0,no
0,no
0,no
0,no
0,no
0,no
0,no
0,no
0,no
0,no
0,no
0,no
0,no
0,no
0,no
0,no
0,no
0,no
0,no
0,no
0,no
0,no
0,no
0,no
0,no
0,no
0,no
0,no
0,no
0,no
0,no
0,no
0,no
0,no
0,no
0,no
0,no
0,no
0,no
0,no
0,no
0,no
0,no
0,no
0,no
0,no
0,no
0,no
0,no
0,no
0,no
0,no
0,no
0,no
0,no
0,no
0,no
0,no
0,no
0,no
0,no
0,no
0,no
0,no
0,no
0,no
0,no
0,no
0,no
0,no
0,no
0,no
0,no
0,no
0,no
0,no
0,no
0,no
0,no
0,no
0,no
0,no
0,no
0,no
0,no
0,no
0,no
0,no
0,no
0,no
0,no
0,no
0,no
0,no
0,no
0,no
0,no
0,no
0,no
0,no
0,no
0,no
0,no
0,no
0,no
0,no
0,no
0,no
0,no
0,no
0,no
0,no
0,no
0,no
0,no
0,no
0,no
0,no
0,no
0,no
0,no
0,no
0,no
0,no
0,no
0,no
0,no
0,no
0,no
0,no
0,no
0,no
0,no
0,no
0,no
0,no
0,no
0,no
0,no
0,no
0,no
0,no
0,no
0,no
0,no
0,no
0,no
0,no
0,no
0,no
0,no
0,no
0,no
0,no
0,no
0,no
0,no
0,no
0,no
0,no
0,no
0,no
0,no
0,no
0,no
0,no
0,no
0,no
0,no
0,no
0,no
0,no
0,no
0,no
0,no
0,no
0,no
0,no
0,no
0,no
0,no
0,no
0,no
0,no
0,no
0,no
0,no
0,no
0,no
0,no
0,no
0,no
0,no
0,no
0,no
0,no
0,no
0,no
0,no
0,no
0,no
0,no
0,no
0,no
0,no
0,no
0,no
0,no
0,no
0,no
0,no
0,no
0,no
0,no
0,no
0,no
0,no
0,no
0,no
0,no
0,no
0,no
0,no
0,no
0,no
0,no
0,no
0,no
0,no
0,no
0,no
0,no
0,no
0,no
0,no
0,no
0,no
0,no
0,no
0,no
0,no
0,no
0,no
0,no
0,no
0,no
0,no
0,no
0,no
0,no
0,no
0,no
0,no
0,no
0,no
0,no
0,no
0,no
0,no
0,no
0,no
0,no
0,no
0,no
0,no
0,no
0,no
0,no
0,no
0,no
0,no
0,no
0,no
0,no
0,no
0,no
0,no
0,no
0,no
0,no
0,no
0,no
0,no
0,no
0,no
0,no
0,no
0,no
0,no
0,no
0,no
0,no
0,no
0,no
0,no
0,no
0,no
0,no
0,no
0,no
0,no
0,no
0,no
0,no
0,no
0,no
0,no
0,no
0,no
0,no
0,no
0,no
0,no
0,no
0,no
0,no
0,no
0,no
0,no
0,no
0,no
0,no
0,no
0,no
0,no
0,no
0,no
0,no
0,no
0,no
0,no
0,no
0,no
0,no
0,no
0,no
0,no
0,no
0,no
0,no
0,no
0,no
0,no
0,no
0,no
0,no
0,no
0,no
0,no
0,no
0,no
0,no
0,no
0,no
0,no
0,no
0,no
0,no
0,no
0,no
0,no
0,no
0,no
0,no
0,no
0,no
0,no
0,no
0,no
0,no
0,no
0,no
0,no
0,no
0,no
0,no
0,no
0,no
0,no
0,no
0,no
0,no
0,no
0,no
0,no
0,no
0,no
0,no
0,no
0,no
0,no
0,no
0,no
0,no
0,no
0,no
0,no
0,no
0,no
0,no
0,no
0,no
0,no
0,no
890,-+
133,++
0,no
183,-+
218,--
1010,++
0,no
0,no
227,+-
164,+-
0,no
0,no
0,no
0,no
0,no
96,-+
0,no
98,++
0,no
0,no
307,++
409,-+
410,-+
0,no
1305,--
0,no
1101,+-
0,no
0,no
0,no
235,--
0,no
0,no
118,++
0,no
0,no
365,-+
0,no
0,no
336,++
0,no
0,no
0,no
0,no
0,no
232,++
0,no
318,++
190,+-
0,no
0,no
55,-+
2144,++
609,+-
696,++
123,++
0,no
1233,-+
0,no
973,++
0,no
0,no
218,+-
684,-+
0,no
0,no
0,no
0,no
0,no
350,+-
745,+-
0,no
329,-+
0,no
0,no
0,no
0,no
0,no
0,no
0,no
0,no
0,no
0,no
0,no
153,-+
247,++
0,no
208,++
0,no
0,no
1449,++
0,no
84,+-
210,-+
0,no
83,--
742,-+
0,no
282,-+
0,no
0,no
0,no
0,no
0,no
0,no
94,--
1003,+-
0,no
50,+-
0,no
0,no
0,no
0,no
0,no
0,no
0,no
280,-+
587,++
0,no
0,no
0,no
0,no
179,+-
0,no
0,no
0,no
164,--
0,no
0,no
0,no
0,no
301,+-
760,--
281,++
0,no
0,no
0,no
0,no
384,++
0,no
0,no
90,++
0,no
0,no
102,+-
103,--
392,--
427,--
0,no
88,+-
271,--
0,no
0,no
482,-+
0,no
0,no
0,no
0,no
0,no
96,+-
0,no
0,no
0,no
0,no
0,no
0,no
0,no
0,no
157,+-
419,+-
0,no
0,no
0,no
423,++
399,-+
457,++
273,+-
0,no
820,++
0,no
0,no
566,++
0,no
103,++
0,no
305,-+
0,no
863,-+
280,++
0,no
0,no
0,no
90,+-
0,no
0,no
1172,+-
958,--
668,++
0,no
159,+-
803,++
787,+-
60,-+
0,no
0,no
0,no
0,no
0,no
0,no
1584,-+
0,no
74,-+
0,no
0,no
0,no
0,no
929,++
42,++
1074,-+
919,--
0,no
378,--
0,no
0,no
430,++
0,no
441,++
633,-+
0,no
1624,++
818,-+
0,no
0,no
579,-+
0,no
127,+-
465,++
290,--
449,+-
0,no
0,no
498,--
362,++
38,-+
158,--
167,++
0,no
123,+-
155,++
0,no
666,--
0,no
1481,+-
0,no
0,no
102,++
0,no
760,--
0,no
0,no
0,no
0,no
0,no
736,++
150,-+
0,no
0,no
0,no
0,no
0,no
837,+-
0,no
112,+-
27,++
82,+-
609,++
0,no
0,no
0,no
0,no
446,-+
0,no
0,no
0,no
0,no
0,no
0,no
416,-+
367,-+
0,no
515,--
0,no
0,no
0,no
0,no
477,+-
0,no
0,no
0,no
0,no
0,no
0,no
32,-+
0,no
101,-+
673,-+
42,-+
92,--
0,no
501,-+
0,no
0,no
0,no
0,no
0,no
0,no
0,no
0,no
0,no
0,no
0,no
0,no
0,no
0,no
0,no
0,no
0,no
0,no
0,no
0,no
0,no
0,no
0,no
0,no
0,no
0,no
0,no
0,no
0,no
0,no
0,no
0,no
0,no
0,no
0,no
0,no
0,no
0,no
0,no
0,no
0,no
0,no
0,no
0,no
0,no
0,no
0,no
0,no
0,no
0,no
0,no
0,no
0,no
0,no
0,no
0,no
0,no
0,no
0,no
0,no
0,no
0,no
0,no
0,no
0,no
0,no
0,no
0,no
0,no
0,no
0,no
0,no
0,no
0,no
0,no
0,no
0,no
0,no
0,no
0,no
0,no
0,no
0,no
0,no
0,no
0,no
0,no
0,no
0,no
0,no
0,no
0,no
0,no
0,no
0,no
0,no
0,no
0,no
0,no
0,no
0,no
0,no
0,no
0,no
0,no
0,no
0,no
0,no
0,no
0,no
0,no
0,no
0,no
0,no
0,no
0,no
0,no
0,no
0,no
0,no
0,no
0,no
0,no
0,no
0,no
0,no
0,no
0,no
0,no
0,no
0,no
0,no
0,no
0,no
0,no
0,no
0,no
0,no
0,no
0,no
0,no
0,no
0,no
0,no
0,no
0,no
0,no
0,no
0,no
0,no
0,no
0,no
0,no
0,no
0,no
0,no
0,no
0,no
0,no
0,no
0,no
0,no
0,no
0,no
0,no
0,no
0,no
0,no
0,no
0,no
0,no
0,no
0,no
0,no
0,no
0,no
0,no
0,no
0,no
0,no
0,no
0,no
0,no
0,no
0,no
0,no
0,no
0,no
0,no
0,no
0,no
0,no
0,no
0,no
0,no
0,no
0,no
0,no
0,no
0,no
0,no
0,no
0,no
0,no
0,no
0,no
0,no
0,no
0,no
0,no
0,no
0,no
0,no
0,no
0,no
0,no
0,no
0,no
0,no
0,no
0,no
0,no
0,no
0,no
0,no
0,no
0,no
0,no
0,no
0,no
0,no
0,no
0,no
0,no
0,no
0,no
0,no
0,no
0,no
0,no
0,no
0,no
0,no
0,no
0,no
0,no
0,no
0,no
0,no
0,no
0,no
0,no
0,no
0,no
0,no
0,no
0,no
0,no
0,no
0,no
0,no
0,no
0,no
0,no
0,no
0,no
0,no
0,no
0,no
0,no
0,no
0,no
0,no
0,no
0,no
0,no
0,no
0,no
0,no
0,no
0,no
0,no
0,no
0,no
0,no
0,no
0,no
0,no
0,no
0,no
0,no
0,no
0,no
0,no
0,no
0,no
0,no
0,no
0,no
0,no
0,no
0,no
0,no
0,no
0,no
0,no
0,no
0,no
0,no
0,no
0,no
0,no
0,no
0,no
0,no
0,no
0,no
0,no
0,no
0,no
0,no
0,no
0,no
0,no
0,no
0,no
0,no
0,no
0,no
0,no
0,no
0,no
0,no
0,no
0,no
0,no
0,no
0,no
0,no
0,no
0,no
0,no
0,no
0,no
0,no
0,no
0,no
0,no
0,no
0,no
0,no
0,no
0,no
0,no
0,no
0,no
0,no
0,no
0,no
0,no
0,no
0,no
0,no
0,no
0,no
0,no
0,no
0,no
0,no
0,no
0,no
0,no
0,no
0,no
0,no
0,no
0,no
0,no
0,no
0,no
0,no
0,no
0,no
0,no
0,no
0,no
0,no
0,no
0,no
0,no
0,no
0,no
0,no
0,no
0,no
0,no
0,no
0,no
0,no
0,no
0,no
0,no
0,no
0,no
0,no
0,no
0,no
0,no
0,no
0,no
0,no
0,no
0,no
0,no
0,no
0,no
0,no
0,no
0,no
0,no
0,no
0,no
0,no
0,no
0,no
0,no
0,no
0,no
0,no
0,no
0,no
0,no
0,no
0,no
0,no
0,no
0,no
0,no
0,no
0,no
0,no
0,no
0,no
0,no
0,no
0,no
0,no
0,no
0,no
0,no
0,no
0,no
0,no
0,no
0,no
0,no
0,no
0,no
0,no
0,no
0,no
0,no
0,no
0,no
0,no
0,no
0,no
0,no
0,no
0,no
0,no
0,no
0,no
0,no
0,no
0,no
0,no
0,no
0,no
0,no
0,no
0,no
0,no
0,no
0,no
0,no
0,no
0,no
0,no
0,no
0,no
0,no
0,no
0,no
0,no
0,no
0,no
0,no
0,no
0,no
0,no
0,no
0,no
0,no
0,no
0,no
0,no
0,no
0,no
0,no
0,no
0,no
0,no
0,no
0,no
0,no
0,no
0,no
0,no
0,no
0,no
0,no
0,no
0,no
0,no
0,no
0,no
0,no
0,no
0,no
0,no
0,no
0,no
0,no
0,no
0,no
0,no
0,no
0,no
0,no
0,no
0,no
0,no
0,no
0,no
0,no
0,no
0,no
0,no
0,no
0,no
0,no
0,no
0,no
0,no
0,no
0,no
0,no
0,no
0,no
0,no
0,no
0,no
0,no
0,no
0,no
0,no
0,no
0,no
0,no
0,no
0,no
0,no
0,no
0,no
0,no
0,no
0,no
0,no
0,no
0,no
0,no
0,no
0,no
0,no
0,no
0,no
0,no
54,--
0,no
352,+-
0,no
0,no
0,no
0,no
0,no
0,no
1197,++
0,no
0,no
1085,++
0,no
960,++
222,--
217,+-
0,no
212,++
0,no
1280,+-
923,++
899,++
817,-+
0,no
0,no
0,no
0,no
0,no
1555,-+
0,no
0,no
162,++
75,-+
0,no
0,no
190,+-
449,+-
0,no
942,+-
0,no
0,no
48,--
0,no
51,--
215,++
493,+-
0,no
0,no
0,no
0,no
0,no
0,no
451,++
220,++
153,--
0,no
0,no
0,no
0,no
0,no
0,no
0,no
0,no
0,no
0,no
46,++
0,no
0,no
880,--
0,no
0,no
251,--
100,++
0,no
156,+-
0,no
0,no
0,no
256,-+
0,no
625,-+
125,-+
328,+-
343,-+
60,++
364,-+
40,+-
539,-+
109,+-
0,no
0,no
0,no
0,no
52,++
0,no
0,no
100,--
0,no
52,++
0,no
242,--
0,no
139,-+
146,--
0,no
900,+-
188,+-
62,--
674,-+
0,no
0,no
0,no
241,-+
0,no
884,++
0,no
0,no
760,+-
124,--
0,no
0,no
0,no
0,no
1616,+-
0,no
0,no
0,no
938,-+
0,no
0,no
0,no
280,+-
164,--
0,no
0,no
191,+-
177,--
0,no
0,no
0,no
0,no
0,no
83,-+
141,++
53,+-
0,no
0,no
0,no
0,no
0,no
0,no
163,-+
0,no
0,no
0,no
499,-+
0,no
0,no
823,--
0,no
0,no
0,no
0,no
1038,++
0,no
184,+-
174,--
347,--
567,-+
495,+-
0,no
77,++
0,no
0,no
211,+-
0,no
0,no
0,no
54,--
358,++
397,-+
272,++
611,-+
0,no
0,no
0,no
0,no
269,-+
0,no
0,no
0,no
179,-+
0,no
0,no
0,no
302,+-
268,++
0,no
0,no
0,no
0,no
98,--
0,no
171,+-
683,++
0,no
65,--
458,--
0,no
0,no
0,no
0,no
102,-+
65,--
0,no
0,no
0,no
143,-+
124,--
200,-+
0,no
0,no
0,no
0,no
0,no
0,no
0,no
0,no
0,no
0,no
0,no
0,no
440,+-
1279,+-
0,no
0,no
0,no
0,no
0,no
766,++
0,no
644,+-
0,no
0,no
0,no
377,+-
189,-+
54,++
0,no
0,no
0,no
0,no
0,no
40,--
0,no
0,no
0,no
0,no
0,no
0,no
1252,-+
0,no
0,no
0,no
0,no
0,no
97,++
937,-+
176,-+
508,++
233,-+
67,--
56,++
28,--
311,-+
63,+-
0,no
0,no
1651,-+
0,no
0,no
0,no
0,no
693,+-
76,--
0,no
0,no
308,+-
0,no
347,--
0,no
0,no
0,no
0,no
434,--
25,++
525,--
0,no
211,-+
0,no
0,no
0,no
182,--
376,+-
0,no
0,no
304,+-
40,++
823,++
117,++
595,-+
0,no
1144,--
0,no
388,--
130,+-
0,no
286,-+
38,-+
0,no
0,no
705,--
505,+-
0,no
0,no
0,no
0,no
0,no
0,no
0,no
771,+-
185,+-
84,++
1008,--
0,no
842,+-
0,no
0,no
0,no
2838,--
0,no
87,--
0,no
0,no
0,no
0,no
266,++
251,--
111,+-
966,--
0,no
0,no
1098,--
0,no
0,no
0,no
0,no
194,--
0,no
0,no
91,--
0,no
0,no
0,no
61,-+
0,no
0,no
106,--
0,no
118,--
0,no
0,no
1081,+-
24,-+
0,no
0,no
0,no
0,no
198,--
0,no
181,--
0,no
0,no
0,no
0,no
0,no
0,no
1055,--
399,--
1020,--
0,no
0,no
47,-+
174,-+
0,no
28,++
0,no
0,no
0,no
46,++
882,+-
791,+-
1162,--
0,no
205,+-
0,no
0,no
0,no
0,no
407,++
0,no
252,-+
591,-+
673,+-
0,no
0,no
0,no
0,no
0,no
0,no
0,no
0,no
0,no
0,no
0,no
0,no
0,no
0,no
0,no
0,no
0,no
0,no
0,no
0,no
0,no
0,no
0,no
0,no
0,no
0,no
0,no
0,no
0,no
0,no
0,no
0,no
0,no
0,no
0,no
0,no
0,no
0,no
0,no
0,no
0,no
0,no
0,no
0,no
0,no
0,no
0,no
0,no
0,no
0,no
0,no
0,no
0,no
0,no
0,no
0,no
0,no
0,no
0,no
0,no
0,no
0,no
0,no
0,no
0,no
0,no
0,no
0,no
0,no
0,no
0,no
0,no
0,no
0,no
0,no
0,no
0,no
0,no
0,no
0,no
0,no
0,no
0,no
0,no
0,no
0,no
0,no
0,no
0,no
0,no
0,no
0,no
0,no
0,no
0,no
0,no
0,no
0,no
0,no
0,no
0,no
0,no
0,no
0,no
0,no
0,no
0,no
0,no
0,no
0,no
0,no
0,no
0,no
0,no
0,no
0,no
0,no
0,no
0,no
0,no
0,no
0,no
0,no
0,no
0,no
0,no
0,no
0,no
0,no
0,no
0,no
0,no
0,no
0,no
0,no
0,no
0,no
0,no
0,no
0,no
0,no
0,no
0,no
0,no
0,no
0,no
0,no
0,no
0,no
0,no
0,no
0,no
0,no
0,no
0,no
0,no
0,no
0,no
0,no
0,no
0,no
0,no
0,no
0,no
0,no
0,no
0,no
0,no
0,no
0,no
0,no
0,no
0,no
0,no
0,no
0,no
0,no
0,no
0,no
0,no
0,no
0,no
0,no
0,no
0,no
0,no
0,no
0,no
0,no
0,no
0,no
0,no
0,no
0,no
0,no
0,no
0,no
0,no
0,no
0,no
0,no
0,no
0,no
0,no
0,no
0,no
0,no
0,no
0,no
0,no
0,no
0,no
0,no
0,no
0,no
0,no
0,no
0,no
0,no
0,no
0,no
0,no
0,no
0,no
0,no
0,no
0,no
0,no
0,no
0,no
0,no
0,no
0,no
0,no
0,no
0,no
0,no
0,no
0,no
0,no
0,no
0,no
0,no
0,no
0,no
0,no
0,no
0,no
0,no
0,no
0,no
0,no
0,no
0,no
0,no
0,no
0,no
0,no
0,no
0,no
0,no
0,no
0,no
0,no
0,no
0,no
0,no
0,no
0,no
0,no
0,no
0,no
0,no
0,no
0,no
0,no
0,no
0,no
0,no
0,no
0,no
0,no
0,no
0,no
0,no
0,no
0,no
0,no
0,no
0,no
0,no
0,no
0,no
0,no
0,no
0,no
0,no
0,no
0,no
0,no
0,no
0,no
0,no
0,no
0,no
0,no
0,no
0,no
0,no
0,no
0,no
0,no
0,no
0,no
0,no
0,no
0,no
0,no
0,no
0,no
0,no
0,no
0,no
0,no
0,no
0,no
0,no
0,no
0,no
0,no
0,no
0,no
0,no
0,no
0,no
0,no
0,no
0,no
0,no
0,no
0,no
0,no
0,no
0,no
0,no
0,no
0,no
0,no
0,no
0,no
0,no
0,no
0,no
0,no
0,no
0,no
0,no
0,no
0,no
0,no
0,no
0,no
0,no
0,no
0,no
0,no
0,no
0,no
0,no
0,no
0,no
0,no
0,no
0,no
0,no
0,no
0,no
0,no
0,no
0,no
0,no
0,no
0,no
0,no
0,no
0,no
0,no
0,no
0,no
0,no
0,no
0,no
0,no
0,no
0,no
0,no
0,no
0,no
0,no
0,no
0,no
0,no
0,no
0,no
0,no
0,no
0,no
0,no
0,no
0,no
0,no
0,no
0,no
0,no
0,no
0,no
0,no
0,no
0,no
0,no
0,no
0,no
0,no
0,no
0,no
0,no
0,no
0,no
0,no
0,no
0,no
0,no
0,no
0,no
0,no
0,no
0,no
0,no
0,no
0,no
0,no
0,no
0,no
0,no
0,no
0,no
0,no
0,no
0,no
0,no
0,no
0,no
0,no
0,no
0,no
0,no
0,no
0,no
0,no
0,no
0,no
0,no
0,no
0,no
0,no
0,no
0,no
0,no
0,no
0,no
0,no
0,no
0,no
0,no
0,no
0,no
0,no
0,no
0,no
0,no
0,no
0,no
0,no
0,no
0,no
0,no
0,no
0,no
0,no
0,no
0,no
0,no
0,no
0,no
0,no
0,no
0,no
0,no
0,no
0,no
0,no
0,no
0,no
0,no
0,no
0,no
0,no
0,no
0,no
0,no
0,no
0,no
0,no
0,no
0,no
0,no
0,no
0,no
0,no
0,no
0,no
0,no
0,no
0,no
0,no
0,no
0,no
0,no
0,no
0,no
0,no
0,no
0,no
0,no
0,no
0,no
0,no
0,no
0,no
0,no
0,no
0,no
0,no
0,no
0,no
0,no
0,no
0,no
0,no
0,no
0,no
0,no
0,no
0,no
0,no
0,no
0,no
0,no
0,no
0,no
0,no
0,no
0,no
0,no
0,no
0,no
0,no
0,no
0,no
0,no
0,no
0,no
0,no
0,no
0,no
0,no
0,no
0,no
0,no
0,no
0,no
0,no
0,no
0,no
0,no
0,no
0,no
0,no
0,no
0,no
0,no
0,no
0,no
0,no
0,no
0,no
0,no
0,no
0,no
0,no
0,no
0,no
0,no
0,no
0,no
0,no
0,no
0,no
0,no
0,no
0,no
0,no
0,no
0,no
0,no
0,no
0,no
0,no
0,no
0,no
0,no
0,no
0,no
0,no
0,no
0,no
0,no
0,no
0,no
0,no
0,no
0,no
0,no
0,no
0,no
0,no
0,no
0,no
0,no
0,no
0,no
0,no
0,no
0,no
0,no
0,no
0,no
0,no
0,no
0,no
0,no
0,no
0,no
0,no
0,no
0,no
0,no
0,no
0,no
0,no
0,no
0,no
0,no
0,no
0,no
0,no
0,no
0,no
0,no
0,no
0,no
0,no
0,no
0,no
0,no
0,no
0,no
0,no
0,no
0,no
0,no
0,no
0,no
0,no
0,no
0,no
0,no
0,no
0,no
0,no
0,no
0,no
0,no
0,no
0,no
0,no
0,no
0,no
0,no
0,no
0,no
0,no
0,no
0,no
0,no
0,no
0,no
0,no
0,no
0,no
0,no
0,no
0,no
0,no
0,no
0,no
0,no
0,no
0,no
0,no
0,no
0,no
0,no
0,no
0,no
0,no
0,no
0,no
0,no
0,no
0,no
0,no
0,no
0,no
0,no
0,no
1087,--
0,no
0,no
141,++
0,no
0,no
0,no
0,no
0,no
0,no
249,-+
61,++
0,no
301,++
0,no
0,no
0,no
0,no
56,--
352,++
0,no
203,--
0,no
0,no
0,no
0,no
0,no
0,no
208,-+
0,no
878,-+
0,no
0,no
0,no
0,no
0,no
877,++
62,++
200,-+
0,no
0,no
558,+-
0,no
0,no
0,no
150,--
469,--
0,no
0,no
0,no
0,no
376,+-
0,no
128,--
0,no
0,no
0,no
364,+-
0,no
0,no
0,no
0,no
0,no
84,--
0,no
0,no
0,no
709,-+
0,no
0,no
0,no
0,no
609,+-
410,+-
603,++
0,no
0,no
603,+-
42,++
0,no
59,++
0,no
0,no
0,no
0,no
0,no
0,no
0,no
0,no
0,no
476,++
0,no
0,no
567,+-
0,no
0,no
0,no
981,+-
0,no
0,no
0,no
0,no
0,no
0,no
0,no
0,no
49,-+
0,no
193,+-
0,no
0,no
0,no
178,-+
0,no
0,no
0,no
464,+-
0,no
0,no
0,no
0,no
292,+-
190,-+
101,-+
888,+-
252,--
0,no
258,+-
0,no
0,no
0,no
0,no
397,-+
0,no
241,+-
0,no
0,no
0,no
0,no
435,-+
0,no
0,no
0,no
0,no
0,no
0,no
0,no
461,+-
0,no
0,no
0,no
0,no
0,no
177,-+
0,no
0,no
0,no
0,no
76,+-
0,no
343,++
1311,+-
0,no
133,--
0,no
0,no
0,no
1105,-+
0,no
0,no
0,no
0,no
0,no
143,+-
141,+-
400,-+
332,-+
362,--
467,--
0,no
0,no
168,-+
0,no
0,no
453,-+
0,no
0,no
326,--
0,no
190,--
0,no
0,no
0,no
0,no
0,no
90,+-
0,no
946,++
0,no
197,--
498,--
0,no
76,-+
195,-+
0,no
86,--
0,no
0,no
0,no
734,--
0,no
0,no
456,-+
229,+-
0,no
0,no
105,--
0,no
0,no
0,no
97,--
344,--
160,--
0,no
0,no
0,no
141,--
0,no
667,--
0,no
0,no
144,--
55,-+
108,-+
849,-+
0,no
0,no
0,no
111,-+
79,-+
0,no
0,no
28,+-
0,no
0,no
0,no
0,no
51,--
310,--
46,-+
47,++
0,no
0,no
0,no
0,no
0,no
0,no
0,no
44,--
0,no
0,no
246,-+
0,no
0,no
33,--
0,no
35,+-
0,no
0,no
161,++
0,no
239,+-
128,-+
0,no
0,no
357,-+
32,-+
344,+-
0,no
0,no
0,no
0,no
0,no
0,no
124,++
0,no
0,no
0,no
314,-+
0,no
0,no
230,++
194,-+
719,-+
332,-+
89,+-
0,no
59,--
0,no
0,no
750,-+
0,no
0,no
0,no
0,no
595,-+
48,+-
0,no
303,--
476,--
0,no
449,-+
0,no
0,no
194,--
30,--
306,--
80,-+
226,++
0,no
917,--
32,+-
0,no
474,+-
256,+-
32,-+
0,no
0,no
0,no
0,no
65,+-
0,no
588,-+
36,--
1174,+-
120,+-
0,no
0,no
0,no
0,no
0,no
0,no
99,-+
0,no
0,no
0,no
77,-+
137,-+
0,no
54,-+
0,no
0,no
0,no
0,no
0,no
0,no
207,-+
101,-+
0,no
87,-+
27,++
415,++
0,no
0,no
141,+-
0,no
803,--
664,++
521,-+
79,++
0,no
172,-+
105,++
0,no
0,no
229,--
0,no
0,no
448,-+
73,+-
798,++
0,no
0,no
0,no
158,-+
0,no
0,no
0,no
0,no
1334,+-
0,no
0,no
181,--
0,no
61,-+
0,no
0,no
384,-+
1008,-+
0,no
0,no
0,no
339,-+
0,no
0,no
0,no
0,no
0,no
0,no
803,-+
36,+-
111,--
185,+-
1099,-+
795,-+
137,++
0,no
415,+-
810,-+
148,+-
1597,--
147,-+
0,no
67,+-
218,-+
0,no
449,-+
1217,++
0,no
0,no
0,no
672,-+
0,no
1151,--
52,--
0,no
0,no
143,+-
282,--
91,--
0,no
0,no
87,++
0,no
613,-+
0,no
0,no
0,no
0,no
0,no
0,no
0,no
0,no
0,no
0,no
623,++
0,no
0,no
97,+-
464,--
0,no
89,--
0,no
0,no
0,no
0,no
113,++
558,+-
0,no
0,no
0,no
0,no
0,no
0,no
0,no
0,no
0,no
0,no
0,no
0,no
0,no
0,no
0,no
0,no
0,no
0,no
0,no
0,no
0,no
0,no
0,no
0,no
0,no
0,no
0,no
0,no
0,no
0,no
0,no
0,no
0,no
0,no
0,no
0,no
0,no
0,no
0,no
0,no
0,no
0,no
0,no
0,no
0,no
0,no
0,no
0,no
0,no
0,no
0,no
0,no
0,no
0,no
0,no
0,no
0,no
0,no
0,no
0,no
0,no
0,no
0,no
0,no
0,no
0,no
0,no
0,no
0,no
0,no
0,no
0,no
0,no
0,no
0,no
0,no
0,no
0,no
0,no
0,no
0,no
0,no
0,no
0,no
0,no
0,no
0,no
0,no
0,no
0,no
0,no
0,no
0,no
0,no
0,no
0,no
0,no
0,no
0,no
0,no
0,no
0,no
0,no
0,no
0,no
0,no
0,no
0,no
0,no
0,no
0,no
0,no
0,no
0,no
0,no
0,no
0,no
0,no
0,no
0,no
0,no
0,no
0,no
0,no
0,no
0,no
0,no
0,no
0,no
0,no
0,no
0,no
0,no
0,no
0,no
0,no
0,no
0,no
0,no
0,no
0,no
0,no
0,no
0,no
0,no
0,no
0,no
0,no
0,no
0,no
0,no
0,no
0,no
0,no
0,no
0,no
0,no
0,no
0,no
0,no
0,no
0,no
0,no
0,no
0,no
0,no
0,no
0,no
0,no
0,no
0,no
0,no
0,no
0,no
0,no
0,no
0,no
0,no
0,no
0,no
0,no
0,no
0,no
0,no
0,no
0,no
0,no
0,no
0,no
0,no
0,no
0,no
0,no
0,no
0,no
0,no
0,no
0,no
0,no
0,no
0,no
0,no
0,no
0,no
0,no
0,no
0,no
0,no
0,no
0,no
0,no
0,no
0,no
0,no
0,no
0,no
0,no
0,no
0,no
0,no
0,no
0,no
0,no
0,no
0,no
0,no
0,no
0,no
0,no
0,no
0,no
0,no
0,no
0,no
0,no
0,no
0,no
0,no
0,no
0,no
0,no
0,no
0,no
0,no
0,no
0,no
0,no
0,no
0,no
0,no
0,no
0,no
0,no
0,no
0,no
0,no
0,no
0,no
0,no
0,no
0,no
0,no
0,no
0,no
0,no
0,no
0,no
0,no
0,no
0,no
0,no
0,no
0,no
0,no
0,no
0,no
0,no
0,no
0,no
0,no
0,no
0,no
0,no
0,no
0,no
0,no
0,no
0,no
0,no
0,no
0,no
0,no
0,no
0,no
0,no
0,no
0,no
0,no
0,no
0,no
0,no
0,no
0,no
0,no
0,no
0,no
0,no
0,no
0,no
0,no
0,no
0,no
0,no
0,no
0,no
0,no
0,no
0,no
0,no
0,no
0,no
0,no
0,no
0,no
0,no
0,no
0,no
0,no
0,no
0,no
0,no
0,no
0,no
0,no
0,no
0,no
0,no
0,no
0,no
0,no
0,no
0,no
0,no
0,no
0,no
0,no
0,no
0,no
0,no
0,no
0,no
0,no
0,no
0,no
0,no
0,no
0,no
0,no
0,no
0,no
0,no
0,no
0,no
0,no
0,no
0,no
0,no
0,no
0,no
0,no
0,no
0,no
0,no
0,no
0,no
0,no
0,no
0,no
0,no
0,no
0,no
0,no
0,no
0,no
0,no
0,no
0,no
0,no
0,no
0,no
0,no
0,no
0,no
0,no
0,no
0,no
0,no
0,no
0,no
0,no
0,no
0,no
0,no
0,no
0,no
0,no
0,no
0,no
0,no
0,no
0,no
0,no
0,no
0,no
0,no
0,no
0,no
0,no
0,no
0,no
0,no
0,no
0,no
0,no
0,no
0,no
0,no
0,no
0,no
0,no
0,no
0,no
0,no
0,no
0,no
0,no
0,no
0,no
0,no
0,no
0,no
0,no
0,no
0,no
0,no
0,no
0,no
0,no
0,no
0,no
0,no
0,no
0,no
0,no
0,no
0,no
0,no
0,no
0,no
0,no
0,no
0,no
0,no
0,no
0,no
0,no
0,no
0,no
0,no
0,no
0,no
0,no
0,no
0,no
0,no
0,no
0,no
0,no
0,no
0,no
0,no
0,no
0,no
0,no
0,no
0,no
0,no
0,no
0,no
0,no
0,no
0,no
0,no
0,no
0,no
0,no
0,no
0,no
0,no
0,no
0,no
0,no
0,no
0,no
0,no
0,no
0,no
0,no
0,no
0,no
0,no
0,no
0,no
0,no
0,no
0,no
0,no
0,no
0,no
0,no
0,no
0,no
0,no
0,no
0,no
0,no
0,no
0,no
0,no
0,no
0,no
0,no
0,no
0,no
0,no
0,no
0,no
0,no
0,no
0,no
0,no
0,no
0,no
0,no
0,no
0,no
0,no
0,no
0,no
0,no
0,no
0,no
0,no
0,no
0,no
0,no
0,no
0,no
0,no
0,no
0,no
0,no
0,no
0,no
0,no
0,no
0,no
0,no
0,no
0,no
0,no
0,no
0,no
0,no
0,no
0,no
0,no
0,no
0,no
0,no
0,no
0,no
0,no
0,no
0,no
0,no
0,no
0,no
0,no
0,no
0,no
0,no
0,no
0,no
0,no
0,no
0,no
0,no
0,no
0,no
0,no
0,no
0,no
0,no
0,no
0,no
0,no
0,no
0,no
0,no
0,no
0,no
0,no
0,no
0,no
0,no
0,no
0,no
0,no
0,no
0,no
0,no
0,no
0,no
0,no
0,no
0,no
0,no
0,no
0,no
0,no
0,no
0,no
0,no
0,no
0,no
0,no
0,no
0,no
0,no
0,no
0,no
0,no
0,no
0,no
0,no
0,no
0,no
0,no
0,no
0,no
0,no
0,no
0,no
0,no
0,no
0,no
0,no
0,no
0,no
0,no
0,no
0,no
0,no
0,no
0,no
0,no
0,no
0,no
0,no
0,no
0,no
0,no
0,no
0,no
0,no
0,no
0,no
0,no
0,no
0,no
0,no
0,no
0,no
0,no
0,no
0,no
0,no
0,no
0,no
0,no
0,no
0,no
0,no
0,no
0,no
0,no
0,no
0,no
0,no
0,no
0,no
0,no
0,no
0,no
0,no
0,no
0,no
0,no
0,no
0,no
0,no
0,no
0,no
0,no
0,no
0,no
0,no
0,no
0,no
0,no
0,no
0,no
0,no
0,no
0,no
0,no
0,no
0,no
0,no
0,no
0,no
0,no
0,no
0,no
0,no
0,no
0,no
0,no
0,no
0,no
0,no
0,no
0,no
0,no
32,+-
0,no
0,no
0,no
0,no
183,--
147,++
0,no
0,no
0,no
0,no
305,--
0,no
0,no
66,-+
0,no
0,no
0,no
0,no
0,no
0,no
0,no
433,-+
0,no
127,-+
0,no
0,no
0,no
0,no
0,no
0,no
500,+-
0,no
0,no
446,-+
0,no
0,no
0,no
0,no
0,no
0,no
0,no
0,no
621,--
140,++
0,no
0,no
492,-+
0,no
0,no
504,+-
186,++
230,++
0,no
0,no
93,++
0,no
244,+-
0,no
0,no
0,no
282,--
47,--
0,no
0,no
597,--
401,--
0,no
0,no
0,no
0,no
0,no
0,no
0,no
0,no
0,no
0,no
635,+-
0,no
0,no
0,no
176,--
65,--
815,-+
0,no
0,no
0,no
0,no
110,--
75,++
198,++
0,no
0,no
32,+-
0,no
0,no
0,no
0,no
695,-+
863,-+
335,++
0,no
788,-+
177,++
0,no
276,+-
363,+-
47,-+
81,++
0,no
556,+-
0,no
0,no
286,--
0,no
0,no
0,no
0,no
328,--
377,-+
210,++
0,no
0,no
1448,--
431,-+
0,no
37,+-
170,+-
0,no
0,no
0,no
0,no
0,no
0,no
0,no
0,no
0,no
0,no
0,no
0,no
107,+-
0,no
0,no
83,++
0,no
0,no
0,no
0,no
1181,++
0,no
31,++
0,no
0,no
0,no
0,no
74,-+
769,++
0,no
0,no
298,-+
358,++
0,no
0,no
77,++
564,-+
342,++
0,no
94,+-
654,-+
0,no
275,+-
0,no
0,no
0,no
0,no
0,no
0,no
0,no
0,no
0,no
0,no
0,no
318,++
118,+-
272,+-
58,+-
908,-+
133,-+
563,+-
380,-+
936,++
31,--
100,+-
0,no
0,no
0,no
0,no
0,no
378,++
111,+-
0,no
379,+-
784,+-
0,no
0,no
0,no
0,no
40,--
714,--
0,no
0,no
0,no
0,no
0,no
272,++
828,-+
0,no
205,++
0,no
0,no
127,+-
0,no
900,+-
665,+-
368,-+
375,-+
0,no
51,+-
0,no
0,no
266,++
0,no
84,--
0,no
231,+-
0,no
0,no
0,no
0,no
26,++
0,no
109,--
117,+-
0,no
56,--
0,no
0,no
146,--
0,no
0,no
0,no
0,no
0,no
0,no
294,+-
0,no
0,no
0,no
0,no
912,++
0,no
0,no
0,no
0,no
1080,-+
0,no
0,no
0,no
0,no
253,-+
0,no
0,no
0,no
291,+-
0,no
34,-+
0,no
0,no
0,no
337,-+
0,no
0,no
200,--
0,no
415,-+
91,++
911,-+
753,++
0,no
216,+-
170,++
90,+-
47,-+
0,no
163,-+
184,+-
0,no
760,-+
837,--
0,no
0,no
326,++
782,--
289,++
63,++
0,no
583,+-
507,--
0,no
0,no
0,no
0,no
0,no
0,no
0,no
0,no
0,no
0,no
0,no
0,no
0,no
0,no
0,no
0,no
0,no
0,no
0,no
0,no
0,no
0,no
0,no
0,no
0,no
0,no
0,no
0,no
0,no
0,no
0,no
0,no
0,no
0,no
0,no
0,no
0,no
0,no
0,no
0,no
0,no
0,no
0,no
0,no
0,no
0,no
0,no
0,no
0,no
0,no
0,no
0,no
0,no
0,no
0,no
0,no
0,no
0,no
0,no
0,no
0,no
0,no
0,no
0,no
0,no
0,no
0,no
0,no
0,no
0,no
0,no
0,no
0,no
0,no
0,no
0,no
0,no
0,no
0,no
0,no
0,no
0,no
0,no
0,no
0,no
0,no
0,no
0,no
0,no
0,no
0,no
0,no
0,no
0,no
0,no
0,no
0,no
0,no
0,no
0,no
0,no
0,no
0,no
0,no
0,no
0,no
0,no
0,no
0,no
0,no
0,no
0,no
0,no
0,no
0,no
0,no
0,no
0,no
0,no
0,no
0,no
0,no
0,no
0,no
0,no
0,no
0,no
0,no
0,no
0,no
0,no
0,no
0,no
0,no
0,no
0,no
0,no
0,no
0,no
0,no
0,no
0,no
0,no
0,no
0,no
0,no
0,no
0,no
0,no
0,no
0,no
0,no
0,no
0,no
0,no
0,no
0,no
0,no
0,no
0,no
0,no
0,no
0,no
0,no
0,no
0,no
0,no
0,no
0,no
0,no
0,no
0,no
0,no
0,no
0,no
0,no
0,no
0,no
0,no
0,no
0,no
0,no
0,no
0,no
0,no
0,no
0,no
0,no
0,no
0,no
0,no
0,no
0,no
0,no
0,no
0,no
0,no
0,no
0,no
0,no
0,no
0,no
0,no
0,no
0,no
0,no
0,no
0,no
0,no
0,no
0,no
0,no
0,no
0,no
0,no
0,no
0,no
0,no
0,no
0,no
0,no
0,no
0,no
0,no
0,no
0,no
0,no
0,no
0,no
0,no
0,no
0,no
0,no
0,no
0,no
0,no
0,no
0,no
0,no
0,no
0,no
0,no
0,no
0,no
0,no
0,no
0,no
0,no
0,no
0,no
0,no
0,no
0,no
0,no
0,no
0,no
0,no
0,no
0,no
0,no
0,no
0,no
0,no
0,no
0,no
0,no
0,no
0,no
0,no
0,no
0,no
0,no
0,no
0,no
0,no
0,no
0,no
0,no
0,no
0,no
0,no
0,no
0,no
0,no
0,no
0,no
0,no
0,no
0,no
0,no
0,no
0,no
0,no
0,no
0,no
0,no
0,no
0,no
0,no
0,no
0,no
0,no
0,no
0,no
0,no
0,no
0,no
0,no
0,no
0,no
0,no
0,no
0,no
0,no
0,no
0,no
0,no
0,no
0,no
0,no
0,no
0,no
0,no
0,no
0,no
0,no
0,no
0,no
0,no
0,no
0,no
0,no
0,no
0,no
0,no
0,no
0,no
0,no
0,no
0,no
0,no
0,no
0,no
0,no
0,no
0,no
0,no
0,no
0,no
0,no
0,no
0,no
0,no
0,no
0,no
0,no
0,no
0,no
0,no
0,no
0,no
0,no
0,no
0,no
0,no
0,no
0,no
0,no
0,no
0,no
0,no
0,no
0,no
0,no
0,no
0,no
0,no
0,no
0,no
0,no
0,no
0,no
0,no
0,no
0,no
0,no
0,no
0,no
0,no
0,no
0,no
0,no
0,no
0,no
0,no
0,no
0,no
0,no
0,no
0,no
0,no
0,no
0,no
0,no
0,no
0,no
0,no
0,no
0,no
0,no
0,no
0,no
0,no
0,no
0,no
0,no
0,no
0,no
0,no
0,no
0,no
0,no
0,no
0,no
0,no
0,no
0,no
0,no
0,no
0,no
0,no
0,no
0,no
0,no
0,no
0,no
0,no
0,no
0,no
0,no
0,no
0,no
0,no
0,no
0,no
0,no
0,no
0,no
0,no
0,no
0,no
0,no
0,no
0,no
0,no
0,no
0,no
0,no
0,no
0,no
0,no
0,no
0,no
0,no
0,no
0,no
0,no
0,no
0,no
0,no
0,no
0,no
0,no
0,no
0,no
0,no
0,no
0,no
0,no
0,no
0,no
0,no
0,no
0,no
0,no
0,no
0,no
0,no
0,no
0,no
0,no
0,no
0,no
0,no
0,no
0,no
0,no
0,no
0,no
0,no
0,no
0,no
0,no
0,no
0,no
0,no
0,no
0,no
0,no
0,no
0,no
0,no
0,no
0,no
0,no
0,no
0,no
0,no
0,no
0,no
0,no
0,no
0,no
0,no
0,no
0,no
0,no
0,no
0,no
0,no
0,no
0,no
0,no
0,no
0,no
0,no
0,no
0,no
0,no
0,no
0,no
0,no
0,no
0,no
0,no
0,no
0,no
0,no
0,no
0,no
0,no
0,no
0,no
0,no
0,no
0,no
0,no
0,no
0,no
0,no
0,no
0,no
0,no
0,no
0,no
0,no
0,no
0,no
0,no
0,no
0,no
0,no
0,no
0,no
0,no
0,no
0,no
0,no
0,no
0,no
0,no
0,no
0,no
0,no
0,no
0,no
0,no
0,no
0,no
0,no
0,no
0,no
0,no
0,no
0,no
0,no
0,no
0,no
180,-+
0,no
0,no
619,--
0,no
585,+-
0,no
0,no
170,++
0,no
235,-+
864,++
0,no
0,no
277,--
155,+-
0,no
0,no
0,no
715,++
0,no
0,no
0,no
0,no
0,no
0,no
64,-+
510,--
0,no
328,-+
102,+-
474,+-
0,no
389,++
0,no
0,no
91,-+
522,-+
59,+-
0,no
35,-+
175,--
800,-+
0,no
0,no
0,no
308,-+
97,++
0,no
0,no
0,no
0,no
0,no
0,no
0,no
0,no
192,--
437,++
0,no
0,no
0,no
0,no
0,no
31,++
426,--
0,no
0,no
0,no
0,no
0,no
0,no
0,no
71,-+
0,no
0,no
0,no
0,no
142,+-
203,++
149,--
895,-+
205,--
34,+-
0,no
0,no
339,+-
583,-+
0,no
71,-+
0,no
65,+-
0,no
153,++
240,-+
0,no
0,no
0,no
107,--
615,--
0,no
598,--
355,+-
0,no
0,no
162,+-
0,no
0,no
0,no
0,no
0,no
129,+-
0,no
0,no
0,no
0,no
0,no
0,no
0,no
105,-+
403,--
0,no
0,no
0,no
201,-+
75,--
0,no
0,no
0,no
0,no
345,-+
48,++
875,-+
427,-+
0,no
0,no
190,+-
174,--
400,-+
0,no
145,++
0,no
54,--
576,-+
1121,-+
325,++
330,++
0,no
0,no
0,no
33,--
0,no
0,no
0,no
0,no
47,+-
1146,+-
0,no
86,-+
147,--
0,no
0,no
316,+-
0,no
70,--
0,no
0,no
163,-+
535,++
131,-+
0,no
1361,--
29,++
0,no
0,no
51,--
137,--
44,+-
0,no
473,++
109,+-
283,+-
1307,--
788,++
779,--
628,-+
85,+-
1125,--
0,no
0,no
417,+-
0,no
311,+-
0,no
0,no
0,no
265,+-
0,no
0,no
181,-+
105,-+
724,--
0,no
0,no
147,+-
0,no
0,no
307,-+
638,-+
1156,++
192,--
0,no
0,no
1373,-+
90,-+
750,-+
0,no
558,+-
0,no
371,++
0,no
0,no
0,no
0,no
0,no
0,no
0,no
0,no
0,no
137,++
119,--
0,no
381,++
63,+-
108,--
0,no
0,no
372,--
0,no
118,+-
687,-+
94,++
711,+-
412,++
0,no
0,no
0,no
206,++
0,no
0,no
0,no
234,--
31,++
489,-+
0,no
921,-+
0,no
342,+-
1254,+-
32,+-
121,-+
170,-+
151,+-
0,no
424,+-
0,no
128,+-
0,no
567,--
0,no
62,-+
0,no
67,--
790,+-
0,no
1552,++
0,no
172,++
906,-+
721,++
155,-+
0,no
0,no
0,no
207,+-
0,no
336,--
1408,+-
353,++
0,no
1201,--
0,no
31,-+
0,no
526,+-
0,no
123,-+
83,-+
0,no
0,no
256,++
140,-+
0,no
0,no
91,--
0,no
0,no
0,no
108,--
0,no
0,no
0,no
0,no
1032,--
0,no
0,no
0,no
0,no
42,-+
285,-+
0,no
0,no
0,no
0,no
0,no
39,+-
0,no
0,no
53,+-
394,-+
65,--
0,no
0,no
0,no
1090,-+
0,no
0,no
1698,--
1410,++
0,no
0,no
1124,+-
0,no
549,-+
41,++
0,no
761,-+
1039,--
316,++
105,++
603,+-
0,no
0,no
0,no
0,no
0,no
0,no
449,-+
0,no
162,+-
68,++
110,+-
1078,+-
0,no
113,--
0,no
982,++
360,-+
0,no
66,+-
0,no
0,no
0,no
0,no
101,--
0,no
437,-+
357,++
409,-+
385,-+
190,++
36,+-
0,no
0,no
0,no
837,--
189,--
0,no
0,no
0,no
0,no
209,++
0,no
89,++
520,+-
0,no
133,--
707,-+
317,++
0,no
0,no
386,+-
0,no
0,no
0,no
264,-+
331,++
593,++
206,++
0,no
0,no
0,no
765,+-
0,no
216,--
714,-+
275,+-
0,no
0,no
423,-+
0,no
123,--
0,no
1295,+-
0,no
79,-+
0,no
275,-+
0,no
0,no
90,++
0,no
0,no
0,no
0,no
411,-+
0,no
1011,-+
0,no
0,no
0,no
0,no
0,no
0,no
1763,++
0,no
480,-+
90,++
326,+-
0,no
418,-+
517,+-
0,no
0,no
0,no
217,--
193,-+
89,-+
144,++
404,++
0,no
0,no
0,no
807,-+
66,--
0,no
0,no
0,no
634,-+
0,no
80,-+
0,no
511,++
0,no
0,no
0,no
0,no
0,no
0,no
0,no
0,no
0,no
0,no
0,no
0,no
0,no
0,no
0,no
0,no
0,no
0,no
0,no
0,no
0,no
0,no
0,no
0,no
0,no
0,no
0,no
0,no
0,no
0,no
0,no
0,no
0,no
0,no
0,no
0,no
0,no
0,no
0,no
0,no
0,no
0,no
0,no
0,no
0,no
0,no
0,no
0,no
0,no
0,no
0,no
0,no
0,no
0,no
0,no
0,no
0,no
0,no
0,no
0,no
0,no
0,no
0,no
0,no
0,no
0,no
0,no
0,no
0,no
0,no
0,no
0,no
0,no
0,no
0,no
0,no
0,no
0,no
0,no
0,no
0,no
0,no
0,no
0,no
0,no
0,no
0,no
0,no
0,no
0,no
0,no
0,no
0,no
0,no
0,no
0,no
0,no
0,no
0,no
0,no
0,no
0,no
0,no
0,no
0,no
0,no
0,no
0,no
0,no
0,no
0,no
0,no
0,no
0,no
0,no
0,no
0,no
0,no
0,no
0,no
0,no
0,no
0,no
0,no
0,no
0,no
0,no
0,no
0,no
0,no
0,no
0,no
0,no
0,no
0,no
0,no
0,no
0,no
0,no
0,no
0,no
0,no
0,no
0,no
0,no
0,no
0,no
0,no
0,no
0,no
0,no
0,no
0,no
0,no
0,no
0,no
0,no
0,no
0,no
0,no
0,no
0,no
0,no
0,no
0,no
0,no
0,no
0,no
0,no
0,no
0,no
0,no
0,no
0,no
0,no
0,no
0,no
0,no
0,no
0,no
0,no
0,no
0,no
0,no
0,no
0,no
0,no
0,no
0,no
0,no
0,no
0,no
0,no
0,no
0,no
0,no
0,no
0,no
0,no
0,no
0,no
0,no
0,no
0,no
0,no
0,no
0,no
0,no
0,no
0,no
0,no
0,no
0,no
0,no
0,no
0,no
0,no
0,no
0,no
0,no
0,no
0,no
0,no
0,no
0,no
0,no
0,no
0,no
0,no
0,no
0,no
0,no
0,no
0,no
0,no
0,no
0,no
0,no
0,no
0,no
0,no
0,no
0,no
0,no
0,no
0,no
0,no
0,no
0,no
0,no
0,no
0,no
0,no
0,no
0,no
0,no
0,no
0,no
0,no
0,no
0,no
0,no
0,no
0,no
0,no
0,no
0,no
0,no
0,no
0,no
0,no
0,no
0,no
0,no
0,no
0,no
0,no
0,no
0,no
0,no
0,no
0,no
0,no
0,no
0,no
0,no
0,no
0,no
0,no
0,no
0,no
0,no
0,no
0,no
0,no
0,no
0,no
0,no
0,no
0,no
0,no
0,no
0,no
0,no
0,no
0,no
0,no
0,no
0,no
0,no
0,no
0,no
0,no
0,no
0,no
0,no
0,no
0,no
0,no
0,no
0,no
0,no
0,no
0,no
0,no
0,no
0,no
0,no
0,no
0,no
0,no
0,no
0,no
0,no
0,no
0,no
0,no
0,no
0,no
0,no
0,no
0,no
0,no
0,no
0,no
0,no
0,no
0,no
0,no
0,no
0,no
0,no
0,no
0,no
0,no
0,no
0,no
0,no
0,no
0,no
0,no
0,no
0,no
0,no
0,no
0,no
0,no
0,no
0,no
0,no
0,no
0,no
0,no
0,no
0,no
0,no
0,no
0,no
0,no
0,no
0,no
0,no
0,no
0,no
0,no
0,no
0,no
0,no
0,no
0,no
0,no
0,no
0,no
0,no
0,no
0,no
0,no
0,no
0,no
0,no
0,no
0,no
0,no
0,no
0,no
0,no
0,no
0,no
0,no
0,no
0,no
0,no
0,no
0,no
0,no
0,no
0,no
0,no
0,no
0,no
0,no
0,no
0,no
0,no
0,no
0,no
0,no
0,no
0,no
0,no
0,no
0,no
0,no
0,no
0,no
0,no
0,no
0,no
0,no
0,no
0,no
0,no
0,no
0,no
0,no
0,no
0,no
0,no
0,no
0,no
0,no
0,no
0,no
0,no
0,no
0,no
0,no
0,no
0,no
0,no
0,no
0,no
0,no
0,no
0,no
0,no
0,no
0,no
0,no
0,no
0,no
0,no
0,no
0,no
0,no
0,no
0,no
0,no
0,no
0,no
0,no
0,no
0,no
0,no
0,no
0,no
0,no
0,no
0,no
0,no
0,no
0,no
0,no
0,no
0,no
0,no
0,no
0,no
0,no
0,no
0,no
0,no
0,no
0,no
0,no
0,no
0,no
0,no
0,no
0,no
0,no
0,no
0,no
0,no
0,no
0,no
0,no
0,no
0,no
0,no
0,no
0,no
0,no
0,no
0,no
0,no
0,no
0,no
0,no
0,no
0,no
0,no
0,no
0,no
0,no
0,no
0,no
0,no
0,no
0,no
0,no
0,no
0,no
0,no
0,no
0,no
0,no
0,no
0,no
0,no
0,no
0,no
0,no
0,no
0,no
0,no
0,no
0,no
0,no
0,no
0,no
0,no
0,no
0,no
0,no
0,no
0,no
0,no
0,no
0,no
0,no
0,no
0,no
0,no
0,no
0,no
0,no
0,no
0,no
0,no
0,no
0,no
0,no
0,no
0,no
0,no
0,no
0,no
0,no
0,no
0,no
0,no
0,no
0,no
0,no
0,no
0,no
0,no
0,no
0,no
0,no
0,no
0,no
0,no
0,no
0,no
0,no
0,no
0,no
0,no
0,no
0,no
0,no
0,no
0,no
0,no
0,no
0,no
0,no
0,no
0,no
0,no
0,no
0,no
0,no
0,no
0,no
0,no
0,no
0,no
0,no
0,no
0,no
0,no
0,no
0,no
0,no
0,no
0,no
0,no
0,no
0,no
0,no
0,no
0,no
0,no
0,no
0,no
0,no
0,no
0,no
0,no
0,no
0,no
0,no
0,no
0,no
0,no
0,no
0,no
0,no
0,no
0,no
0,no
0,no
0,no
0,no
0,no
0,no
0,no
0,no
0,no
0,no
0,no
0,no
0,no
0,no
0,no
0,no
0,no
0,no
0,no
0,no
0,no
0,no
0,no
0,no
0,no
0,no
0,no
0,no
0,no
0,no
0,no
0,no
0,no
0,no
0,no
0,no
0,no
0,no
0,no
0,no
0,no
0,no
0,no
0,no
0,no
0,no
0,no
0,no
0,no
0,no
0,no
0,no
0,no
0,no
0,no
0,no
0,no
0,no
0,no
0,no
0,no
0,no
0,no
0,no
0,no
0,no
0,no
0,no
0,no
0,no
0,no
0,no
0,no
0,no
0,no
0,no
0,no
0,no
0,no
0,no
0,no
0,no
0,no
0,no
0,no
0,no
0,no
0,no
0,no
0,no
0,no
0,no
0,no
0,no
0,no
0,no
0,no
0,no
0,no
0,no
0,no
0,no
0,no
0,no
0,no
0,no
0,no
0,no
0,no
0,no
0,no
0,no
0,no
0,no
0,no
0,no
0,no
0,no
0,no
0,no
0,no
0,no
0,no
0,no
0,no
0,no
0,no
0,no
0,no
0,no
0,no
0,no
0,no
0,no
0,no
0,no
0,no
0,no
0,no
0,no
0,no
0,no
0,no
0,no
0,no
253,+-
0,no
84,+-
97,-+
0,no
0,no
0,no
0,no
0,no
0,no
0,no
0,no
0,no
0,no
115,+-
191,+-
0,no
37,+-
0,no
0,no
0,no
0,no
0,no
0,no
274,+-
0,no
0,no
0,no
0,no
383,--
0,no
0,no
0,no
106,+-
769,++
0,no
0,no
0,no
123,+-
143,++
0,no
0,no
0,no
630,+-
0,no
0,no
233,+-
0,no
286,-+
0,no
0,no
0,no
806,+-
234,--
612,-+
0,no
0,no
0,no
0,no
0,no
0,no
0,no
0,no
252,++
1256,+-
483,+-
334,-+
1521,-+
0,no
0,no
46,-+
1889,--
0,no
0,no
0,no
0,no
0,no
0,no
0,no
344,++
0,no
427,++
0,no
220,-+
271,++
0,no
409,-+
1869,--
37,++
0,no
465,-+
87,-+
321,--
1401,++
0,no
87,++
0,no
398,+-
0,no
546,+-
85,++
0,no
0,no
0,no
0,no
202,++
0,no
0,no
272,+-
68,-+
0,no
733,++
533,--
332,--
30,+-
146,--
1701,--
0,no
0,no
399,-+
145,--
356,+-
344,--
53,++
0,no
0,no
0,no
0,no
0,no
0,no
891,+-
157,++
959,--
63,--
0,no
0,no
0,no
0,no
84,-+
0,no
608,-+
0,no
0,no
0,no
0,no
63,-+
0,no
144,++
340,++
0,no
0,no
0,no
803,-+
0,no
820,--
0,no
0,no
126,-+
0,no
0,no
46,+-
101,+-
0,no
0,no
0,no
0,no
0,no
0,no
0,no
289,++
0,no
0,no
0,no
0,no
0,no
885,-+
0,no
0,no
76,+-
307,++
573,+-
86,++
1312,--
163,--
0,no
0,no
1773,++
0,no
333,+-
268,+-
459,++
459,++
164,-+
0,no
0,no
0,no
0,no
0,no
0,no
208,+-
0,no
0,no
0,no
0,no
698,--
1339,--
275,++
210,+-
0,no
0,no
0,no
87,+-
258,++
0,no
0,no
267,--
325,--
183,++
0,no
0,no
0,no
385,--
0,no
0,no
1227,+-
0,no
0,no
0,no
301,--
294,-+
0,no
0,no
0,no
76,-+
0,no
218,+-
0,no
283,++
0,no
223,-+
0,no
84,++
0,no
0,no
1009,+-
186,--
1374,+-
0,no
0,no
0,no
0,no
166,-+
419,++
293,+-
95,--
0,no
0,no
630,++
0,no
615,+-
651,+-
0,no
147,+-
125,++
0,no
185,--
0,no
0,no
523,--
358,++
216,+-
125,++
0,no
0,no
0,no
0,no
0,no
0,no
0,no
1038,+-
0,no
196,-+
970,+-
532,--
0,no
106,++
45,++
0,no
0,no
0,no
0,no
0,no
0,no
0,no
0,no
0,no
0,no
245,--
94,-+
0,no
0,no
1276,++
0,no
0,no
0,no
233,++
0,no
93,-+
0,no
295,-+
754,-+
0,no
1335,--
0,no
121,-+
711,++
99,+-
561,+-
238,++
0,no
0,no
0,no
0,no
0,no
0,no
0,no
84,+-
0,no
640,++
0,no
0,no
216,++
0,no
0,no
0,no
0,no
636,-+
266,--
0,no
0,no
0,no
0,no
0,no
311,--
0,no
0,no
335,-+
127,-+
66,+-
0,no
0,no
86,-+
1251,--
37,-+
0,no
0,no
0,no
0,no
0,no
0,no
113,--
157,-+
0,no
574,--
693,+-
0,no
131,--
0,no
654,--
0,no
204,++
0,no
0,no
50,-+
180,+-
0,no
0,no
0,no
0,no
0,no
38,--
1404,-+
231,--
0,no
0,no
0,no
0,no
0,no
0,no
1294,++
299,++
0,no
0,no
0,no
0,no
0,no
0,no
0,no
0,no
0,no
0,no
0,no
0,no
0,no
0,no
0,no
0,no
0,no
0,no
0,no
0,no
0,no
0,no
0,no
0,no
0,no
0,no
0,no
0,no
0,no
0,no
0,no
0,no
0,no
0,no
0,no
0,no
0,no
0,no
0,no
0,no
0,no
0,no
0,no
0,no
0,no
0,no
0,no
0,no
0,no
0,no
0,no
0,no
0,no
0,no
0,no
0,no
0,no
0,no
0,no
0,no
0,no
0,no
0,no
0,no
0,no
0,no
0,no
0,no
0,no
0,no
0,no
0,no
0,no
0,no
0,no
0,no
0,no
0,no
0,no
0,no
0,no
0,no
0,no
0,no
0,no
0,no
0,no
0,no
0,no
0,no
0,no
0,no
0,no
0,no
0,no
0,no
0,no
0,no
0,no
0,no
0,no
0,no
0,no
0,no
0,no
0,no
0,no
0,no
0,no
0,no
0,no
0,no
0,no
0,no
0,no
0,no
0,no
0,no
0,no
0,no
0,no
0,no
0,no
0,no
0,no
0,no
0,no
0,no
0,no
0,no
0,no
0,no
0,no
0,no
0,no
0,no
0,no
0,no
0,no
0,no
0,no
0,no
0,no
0,no
0,no
0,no
0,no
0,no
0,no
0,no
0,no
0,no
0,no
0,no
0,no
0,no
0,no
0,no
0,no
0,no
0,no
0,no
0,no
0,no
0,no
0,no
0,no
0,no
0,no
0,no
0,no
0,no
0,no
0,no
0,no
0,no
0,no
0,no
0,no
0,no
0,no
0,no
0,no
0,no
0,no
0,no
0,no
0,no
0,no
0,no
0,no
0,no
0,no
0,no
0,no
0,no
0,no
0,no
0,no
0,no
0,no
0,no
0,no
0,no
0,no
0,no
0,no
0,no
0,no
0,no
0,no
0,no
0,no
0,no
0,no
0,no
0,no
0,no
0,no
0,no
0,no
0,no
0,no
0,no
0,no
0,no
0,no
0,no
0,no
0,no
0,no
0,no
0,no
0,no
0,no
0,no
0,no
0,no
0,no
0,no
0,no
0,no
0,no
0,no
0,no
0,no
0,no
0,no
0,no
0,no
0,no
0,no
0,no
0,no
0,no
0,no
0,no
0,no
0,no
0,no
0,no
0,no
0,no
0,no
0,no
0,no
0,no
0,no
0,no
0,no
0,no
0,no
0,no
0,no
0,no
0,no
0,no
0,no
0,no
0,no
0,no
0,no
0,no
0,no
0,no
0,no
0,no
0,no
0,no
0,no
0,no
0,no
0,no
0,no
0,no
0,no
0,no
0,no
0,no
0,no
0,no
0,no
0,no
0,no
0,no
0,no
0,no
0,no
0,no
0,no
0,no
0,no
0,no
0,no
0,no
0,no
0,no
0,no
0,no
0,no
0,no
0,no
0,no
0,no
0,no
0,no
0,no
0,no
0,no
0,no
0,no
0,no
0,no
0,no
0,no
0,no
0,no
0,no
0,no
0,no
0,no
0,no
0,no
0,no
0,no
0,no
0,no
0,no
0,no
0,no
0,no
0,no
0,no
0,no
0,no
0,no
0,no
0,no
0,no
0,no
0,no
0,no
0,no
0,no
0,no
0,no
0,no
0,no
0,no
0,no
0,no
0,no
0,no
0,no
0,no
0,no
0,no
0,no
0,no
0,no
0,no
0,no
0,no
0,no
0,no
0,no
0,no
0,no
0,no
0,no
0,no
0,no
0,no
0,no
0,no
0,no
0,no
0,no
0,no
0,no
0,no
0,no
0,no
0,no
0,no
0,no
0,no
0,no
0,no
0,no
0,no
0,no
0,no
0,no
0,no
0,no
0,no
0,no
0,no
0,no
0,no
0,no
0,no
0,no
0,no
0,no
0,no
0,no
0,no
0,no
0,no
0,no
0,no
0,no
0,no
0,no
0,no
0,no
0,no
0,no
0,no
0,no
0,no
0,no
0,no
0,no
0,no
0,no
0,no
0,no
0,no
0,no
0,no
0,no
0,no
0,no
0,no
0,no
0,no
0,no
0,no
0,no
0,no
0,no
0,no
0,no
0,no
0,no
0,no
0,no
0,no
0,no
0,no
0,no
0,no
0,no
0,no
0,no
0,no
0,no
0,no
0,no
0,no
0,no
0,no
0,no
0,no
0,no
0,no
0,no
0,no
0,no
0,no
0,no
0,no
0,no
0,no
0,no
0,no
0,no
0,no
0,no
0,no
0,no
0,no
0,no
0,no
0,no
0,no
0,no
0,no
0,no
0,no
0,no
0,no
0,no
0,no
0,no
0,no
0,no
0,no
0,no
0,no
0,no
0,no
0,no
0,no
0,no
0,no
0,no
0,no
0,no
0,no
0,no
0,no
0,no
0,no
0,no
0,no
0,no
0,no
0,no
0,no
0,no
0,no
0,no
0,no
0,no
0,no
0,no
0,no
0,no
0,no
0,no
0,no
0,no
0,no
0,no
0,no
0,no
0,no
0,no
0,no
0,no
0,no
0,no
0,no
0,no
0,no
0,no
0,no
148,--
1159,+-
0,no
729,-+
0,no
0,no
0,no
0,no
93,-+
299,+-
268,--
518,-+
100,--
517,--
329,--
0,no
953,++
0,no
119,-+
0,no
0,no
162,-+
238,--
0,no
1504,--
744,--
0,no
0,no
245,-+
0,no
0,no
0,no
0,no
407,+-
0,no
0,no
0,no
221,++
0,no
0,no
0,no
0,no
948,+-
251,+-
388,+-
0,no
716,++
0,no
804,++
0,no
0,no
0,no
0,no
1199,++
315,++
0,no
55,+-
0,no
946,--
794,--
0,no
38,+-
0,no
0,no
0,no
0,no
0,no
396,--
0,no
0,no
290,--
143,++
0,no
0,no
0,no
0,no
0,no
0,no
0,no
0,no
0,no
0,no
24,++
119,--
0,no
0,no
0,no
0,no
0,no
1061,--
0,no
0,no
0,no
639,-+
0,no
0,no
0,no
1784,++
0,no
0,no
0,no
0,no
67,-+
0,no
0,no
889,+-
0,no
270,-+
0,no
0,no
0,no
0,no
0,no
0,no
0,no
0,no
202,--
0,no
530,--
0,no
0,no
0,no
0,no
341,--
212,+-
0,no
646,--
0,no
81,++
288,--
509,++
0,no
0,no
0,no
0,no
0,no
400,++
583,++
0,no
248,-+
0,no
0,no
643,+-
0,no
0,no
0,no
0,no
294,+-
0,no
1044,-+
2287,+-
0,no
0,no
0,no
0,no
0,no
0,no
0,no
0,no
320,--
54,--
0,no
0,no
244,--
224,++
0,no
81,--
0,no
1923,++
0,no
132,++
0,no
0,no
0,no
0,no
0,no
0,no
519,--
0,no
108,+-
0,no
0,no
0,no
0,no
453,++
0,no
892,--
820,+-
0,no
0,no
115,++
0,no
385,+-
0,no
0,no
121,--
527,+-
517,+-
0,no
94,-+
267,-+
0,no
0,no
0,no
167,+-
811,++
820,-+
0,no
0,no
532,-+
852,--
0,no
0,no
284,--
0,no
246,--
378,-+
0,no
1097,-+
0,no
224,--
129,++
0,no
0,no
228,--
0,no
105,-+
0,no
1234,--
0,no
0,no
53,-+
399,+-
0,no
0,no
0,no
138,-+
544,+-
704,--
107,++
0,no
603,-+
290,-+
0,no
0,no
0,no
108,--
0,no
237,++
0,no
105,--
0,no
80,++
0,no
0,no
1298,--
0,no
62,++
197,+-
71,++
0,no
0,no
0,no
285,++
0,no
51,++
96,-+
1336,++
0,no
0,no
653,++
0,no
0,no
275,+-
515,--
286,--
398,+-
0,no
0,no
0,no
0,no
0,no
0,no
318,++
262,--
0,no
460,-+
0,no
0,no
0,no
2101,-+
78,--
907,+-
1205,+-
0,no
0,no
0,no
318,-+
0,no
0,no
0,no
462,+-
79,+-
0,no
0,no
775,+-
0,no
0,no
72,-+
0,no
0,no
0,no
0,no
644,--
221,-+
0,no
176,--
120,+-
0,no
154,-+
0,no
0,no
977,++
0,no
0,no
0,no
1197,+-
0,no
0,no
0,no
563,++
0,no
371,++
0,no
487,++
81,--
723,+-
0,no
0,no
0,no
0,no
0,no
0,no
0,no
1136,+-
36,+-
0,no
52,-+
0,no
0,no
935,--
256,--
456,++
641,++
0,no
0,no
0,no
147,-+
76,-+
0,no
0,no
0,no
0,no
0,no
0,no
194,+-
0,no
0,no
1103,+-
300,++
0,no
0,no
0,no
0,no
124,--
0,no
35,--
0,no
0,no
0,no
343,+-
0,no
0,no
0,no
39,--
0,no
193,--
0,no
0,no
0,no
581,+-
186,--
0,no
45,+-
0,no
221,--
0,no
0,no
0,no
0,no
0,no
0,no
627,+-
253,--
0,no
0,no
990,+-
0,no
248,--
298,-+
32,-+
177,-+
0,no
0,no
67,-+
0,no
0,no
0,no
0,no
0,no
0,no
0,no
0,no
0,no
0,no
0,no
0,no
0,no
0,no
0,no
0,no
0,no
0,no
0,no
0,no
0,no
0,no
0,no
0,no
0,no
0,no
0,no
0,no
0,no
0,no
0,no
0,no
0,no
0,no
0,no
0,no
0,no
0,no
0,no
0,no
0,no
0,no
0,no
0,no
0,no
0,no
0,no
0,no
0,no
0,no
0,no
0,no
0,no
0,no
0,no
0,no
0,no
0,no
0,no
0,no
0,no
0,no
0,no
0,no
0,no
0,no
0,no
0,no
0,no
0,no
0,no
0,no
0,no
0,no
0,no
0,no
0,no
0,no
0,no
0,no
0,no
0,no
0,no
0,no
0,no
0,no
0,no
0,no
0,no
0,no
0,no
0,no
0,no
0,no
0,no
0,no
0,no
0,no
0,no
0,no
0,no
0,no
0,no
0,no
0,no
0,no
0,no
0,no
0,no
0,no
0,no
0,no
0,no
0,no
0,no
0,no
0,no
0,no
0,no
0,no
0,no
0,no
0,no
0,no
0,no
0,no
0,no
0,no
0,no
0,no
0,no
0,no
0,no
0,no
0,no
0,no
0,no
0,no
0,no
0,no
0,no
0,no
0,no
0,no
0,no
0,no
0,no
0,no
0,no
0,no
0,no
0,no
0,no
0,no
0,no
0,no
0,no
0,no
0,no
0,no
0,no
0,no
0,no
0,no
0,no
0,no
0,no
0,no
0,no
0,no
0,no
0,no
0,no
0,no
0,no
0,no
0,no
0,no
0,no
0,no
0,no
0,no
0,no
0,no
0,no
0,no
0,no
0,no
0,no
0,no
0,no
0,no
0,no
0,no
0,no
0,no
0,no
0,no
0,no
0,no
0,no
0,no
0,no
0,no
0,no
0,no
0,no
0,no
0,no
0,no
0,no
0,no
0,no
0,no
0,no
0,no
0,no
0,no
0,no
0,no
0,no
0,no
0,no
0,no
0,no
0,no
0,no
0,no
0,no
0,no
0,no
0,no
0,no
0,no
0,no
0,no
0,no
0,no
0,no
0,no
0,no
0,no
0,no
0,no
0,no
0,no
0,no
0,no
0,no
0,no
0,no
0,no
0,no
0,no
0,no
0,no
0,no
0,no
0,no
0,no
0,no
0,no
0,no
0,no
0,no
0,no
0,no
0,no
0,no
0,no
0,no
0,no
0,no
0,no
0,no
0,no
0,no
0,no
0,no
0,no
0,no
0,no
0,no
0,no
0,no
0,no
0,no
0,no
0,no
0,no
0,no
0,no
0,no
0,no
0,no
0,no
0,no
0,no
0,no
0,no
0,no
0,no
0,no
0,no
0,no
0,no
0,no
0,no
0,no
0,no
0,no
0,no
0,no
0,no
0,no
0,no
0,no
0,no
0,no
0,no
0,no
0,no
0,no
0,no
0,no
0,no
0,no
0,no
0,no
0,no
0,no
0,no
0,no
0,no
0,no
0,no
0,no
0,no
0,no
0,no
0,no
0,no
0,no
0,no
0,no
0,no
0,no
0,no
0,no
0,no
0,no
0,no
0,no
0,no
0,no
0,no
0,no
0,no
0,no
0,no
0,no
0,no
0,no
0,no
0,no
0,no
0,no
0,no
0,no
0,no
0,no
0,no
0,no
0,no
0,no
0,no
0,no
0,no
0,no
0,no
0,no
0,no
0,no
0,no
0,no
0,no
0,no
0,no
0,no
0,no
0,no
0,no
0,no
0,no
0,no
0,no
0,no
0,no
0,no
0,no
0,no
0,no
0,no
0,no
0,no
0,no
0,no
0,no
0,no
0,no
0,no
0,no
0,no
0,no
0,no
0,no
0,no
0,no
0,no
0,no
0,no
0,no
0,no
0,no
0,no
0,no
0,no
0,no
0,no
0,no
0,no
0,no
0,no
0,no
0,no
0,no
0,no
0,no
0,no
0,no
0,no
0,no
0,no
0,no
0,no
0,no
0,no
0,no
0,no
0,no
0,no
0,no
0,no
0,no
0,no
0,no
0,no
0,no
0,no
0,no
0,no
0,no
0,no
0,no
0,no
0,no
0,no
0,no
0,no
0,no
0,no
0,no
0,no
0,no
0,no
0,no
0,no
0,no
0,no
0,no
0,no
0,no
0,no
0,no
0,no
0,no
0,no
0,no
0,no
0,no
0,no
0,no
0,no
0,no
0,no
0,no
0,no
0,no
0,no
0,no
0,no
0,no
0,no
0,no
0,no
0,no
0,no
0,no
0,no
0,no
0,no
0,no
0,no
0,no
0,no
0,no
0,no
0,no
0,no
0,no
0,no
0,no
0,no
0,no
0,no
0,no
0,no
0,no
0,no
0,no
0,no
0,no
0,no
0,no
0,no
0,no
0,no
0,no
0,no
0,no
0,no
0,no
0,no
0,no
0,no
0,no
0,no
0,no
0,no
0,no
0,no
0,no
0,no
0,no
0,no
0,no
0,no
0,no
0,no
0,no
0,no
0,no
0,no
0,no
0,no
0,no
0,no
0,no
0,no
0,no
0,no
0,no
0,no
0,no
0,no
0,no
0,no
0,no
0,no
0,no
0,no
0,no
0,no
0,no
0,no
0,no
0,no
0,no
0,no
0,no
0,no
0,no
0,no
0,no
0,no
0,no
0,no
0,no
0,no
0,no
0,no
0,no
0,no
0,no
0,no
0,no
0,no
0,no
0,no
0,no
0,no
0,no
0,no
0,no
0,no
0,no
0,no
0,no
0,no
0,no
0,no
0,no
0,no
0,no
0,no
0,no
0,no
0,no
0,no
0,no
0,no
0,no
0,no
0,no
0,no
202,+-
199,+-
0,no
0,no
742,-+
556,+-
0,no
0,no
189,-+
355,++
499,++
0,no
0,no
0,no
0,no
219,-+
0,no
0,no
790,++
453,++
353,--
0,no
0,no
0,no
0,no
424,+-
0,no
0,no
60,++
0,no
371,-+
229,++
118,+-
33,+-
0,no
140,+-
0,no
0,no
305,++
124,--
0,no
166,++
33,+-
0,no
0,no
445,++
0,no
0,no
0,no
431,-+
0,no
90,++
55,-+
255,++
0,no
0,no
0,no
0,no
205,--
0,no
0,no
106,+-
36,++
0,no
278,--
0,no
134,+-
36,-+
0,no
49,++
348,-+
0,no
0,no
0,no
63,-+
0,no
219,-+
184,--
33,--
186,+-
0,no
0,no
458,-+
0,no
122,-+
0,no
0,no
592,++
0,no
0,no
0,no
0,no
0,no
0,no
0,no
0,no
0,no
0,no
0,no
0,no
0,no
0,no
0,no
0,no
0,no
0,no
0,no
0,no
0,no
0,no
0,no
0,no
0,no
0,no
0,no
0,no
0,no
0,no
0,no
0,no
0,no
0,no
0,no
0,no
0,no
0,no
0,no
0,no
0,no
0,no
0,no
0,no
0,no
0,no
0,no
0,no
0,no
0,no
0,no
0,no
0,no
0,no
0,no
0,no
0,no
0,no
0,no
0,no
0,no
0,no
0,no
0,no
0,no
0,no
0,no
0,no
0,no
0,no
0,no
0,no
0,no
0,no
0,no
0,no
0,no
0,no
0,no
0,no
0,no
0,no
0,no
0,no
0,no
0,no
0,no
0,no
0,no
0,no
0,no
0,no
0,no
0,no
0,no
0,no
0,no
0,no
0,no
0,no
0,no
0,no
0,no
0,no
0,no
0,no
0,no
0,no
0,no
0,no
0,no
0,no
0,no
0,no
0,no
0,no
0,no
0,no
0,no
0,no
0,no
0,no
0,no
0,no
0,no
0,no
0,no
0,no
0,no
0,no
0,no
0,no
0,no
0,no
0,no
0,no
0,no
0,no
0,no
0,no
0,no
0,no
0,no
0,no
0,no
0,no
0,no
0,no
0,no
0,no
0,no
0,no
0,no
0,no
0,no
0,no
0,no
0,no
0,no
0,no
0,no
0,no
0,no
0,no
0,no
0,no
0,no
0,no
0,no
0,no
0,no
0,no
0,no
0,no
0,no
0,no
0,no
0,no
0,no
0,no
0,no
0,no
0,no
0,no
0,no
0,no
0,no
0,no
0,no
0,no
0,no
0,no
0,no
0,no
0,no
0,no
0,no
0,no
0,no
0,no
0,no
0,no
0,no
0,no
0,no
0,no
0,no
0,no
0,no
0,no
0,no
0,no
0,no
0,no
0,no
0,no
0,no
0,no
0,no
0,no
0,no
0,no
0,no
0,no
0,no
0,no
0,no
0,no
0,no
0,no
0,no
